0,1,2,3,4,5,6,7,8,9,10,11,12,13,14,15,16
,,,,,,,,,,,,,,,,
,,,,,,Initial Principal Amount(3)(4),Initial Principal Amount(3)(4),,,Interest Rate,Interest Rate,,,Final Scheduled Payment Date,Final Scheduled Payment Date,
"You should carefully read the risk factors set forth under “Risk Factors” beginning on page 17 of this prospectus. The notes are asset backed securities. The notes will be the obligation solely of the issuing entity and will not be obligations of or guaranteed by Bridgecrest Acceptance Corporation, Bridgecrest Auto Funding LLC, the underwriters or any of their affiliates.",,,,Class A-1 Notes,,,"$81,000,000",,,,%,,,,"August 15, 2025",
"You should carefully read the risk factors set forth under “Risk Factors” beginning on page 17 of this prospectus. The notes are asset backed securities. The notes will be the obligation solely of the issuing entity and will not be obligations of or guaranteed by Bridgecrest Acceptance Corporation, Bridgecrest Auto Funding LLC, the underwriters or any of their affiliates.",,,,Class A-2 Notes,,,"$108,000,000",,,,%,,,,"February 16, 2027",
"You should carefully read the risk factors set forth under “Risk Factors” beginning on page 17 of this prospectus. The notes are asset backed securities. The notes will be the obligation solely of the issuing entity and will not be obligations of or guaranteed by Bridgecrest Acceptance Corporation, Bridgecrest Auto Funding LLC, the underwriters or any of their affiliates.",,,,Class A-3 Notes,,,"$94,500,000",,,,%,,,,"April 17, 2028",
"You should carefully read the risk factors set forth under “Risk Factors” beginning on page 17 of this prospectus. The notes are asset backed securities. The notes will be the obligation solely of the issuing entity and will not be obligations of or guaranteed by Bridgecrest Acceptance Corporation, Bridgecrest Auto Funding LLC, the underwriters or any of their affiliates.",,,,Class B Notes,,,"$54,000,000",,,,%,,,,"October 16, 2028",
"You should carefully read the risk factors set forth under “Risk Factors” beginning on page 17 of this prospectus. The notes are asset backed securities. The notes will be the obligation solely of the issuing entity and will not be obligations of or guaranteed by Bridgecrest Acceptance Corporation, Bridgecrest Auto Funding LLC, the underwriters or any of their affiliates.",,,,Class C Notes,,,"$84,380,000",,,,%,,,,"July 16, 2029",
"You should carefully read the risk factors set forth under “Risk Factors” beginning on page 17 of this prospectus. The notes are asset backed securities. The notes will be the obligation solely of the issuing entity and will not be obligations of or guaranteed by Bridgecrest Acceptance Corporation, Bridgecrest Auto Funding LLC, the underwriters or any of their affiliates.",,,,Class D Notes,,,"$104,630,000",,,,%,,,,"May 15, 2030",
"You should carefully read the risk factors set forth under “Risk Factors” beginning on page 17 of this prospectus. The notes are asset backed securities. The notes will be the obligation solely of the issuing entity and will not be obligations of or guaranteed by Bridgecrest Acceptance Corporation, Bridgecrest Auto Funding LLC, the underwriters or any of their affiliates.",,,,Class E Notes(2),,,"$47,240,000",,,,%,,,,"April 15, 2031",
"You should carefully read the risk factors set forth under “Risk Factors” beginning on page 17 of this prospectus. The notes are asset backed securities. The notes will be the obligation solely of the issuing entity and will not be obligations of or guaranteed by Bridgecrest Acceptance Corporation, Bridgecrest Auto Funding LLC, the underwriters or any of their affiliates.",,,,,,,,,,,,,,,,
"You should carefully read the risk factors set forth under “Risk Factors” beginning on page 17 of this prospectus. The notes are asset backed securities. The notes will be the obligation solely of the issuing entity and will not be obligations of or guaranteed by Bridgecrest Acceptance Corporation, Bridgecrest Auto Funding LLC, the underwriters or any of their affiliates.",,,,Total,,,"$573,750,000",,,,,,,,,
"You should carefully read the risk factors set forth under “Risk Factors” beginning on page 17 of this prospectus. The notes are asset backed securities. The notes will be the obligation solely of the issuing entity and will not be obligations of or guaranteed by Bridgecrest Acceptance Corporation, Bridgecrest Auto Funding LLC, the underwriters or any of their affiliates.",,,,,,,,,,,,,,,,
"You should carefully read the risk factors set forth under “Risk Factors” beginning on page 17 of this prospectus. The notes are asset backed securities. The notes will be the obligation solely of the issuing entity and will not be obligations of or guaranteed by Bridgecrest Acceptance Corporation, Bridgecrest Auto Funding LLC, the underwriters or any of their affiliates.",,,,,,Price to Public(5),Price to Public(5),,,Underwriting Discount,Underwriting Discount,,,Proceeds to the Depositor,Proceeds to the Depositor,
"You should carefully read the risk factors set forth under “Risk Factors” beginning on page 17 of this prospectus. The notes are asset backed securities. The notes will be the obligation solely of the issuing entity and will not be obligations of or guaranteed by Bridgecrest Acceptance Corporation, Bridgecrest Auto Funding LLC, the underwriters or any of their affiliates.",,,,Per Class A-1 Note,,,%,,,,%,,,,%,
"You should carefully read the risk factors set forth under “Risk Factors” beginning on page 17 of this prospectus. The notes are asset backed securities. The notes will be the obligation solely of the issuing entity and will not be obligations of or guaranteed by Bridgecrest Acceptance Corporation, Bridgecrest Auto Funding LLC, the underwriters or any of their affiliates.",,,,Per Class A-2 Note,,,%,,,,%,,,,%,
"You should carefully read the risk factors set forth under “Risk Factors” beginning on page 17 of this prospectus. The notes are asset backed securities. The notes will be the obligation solely of the issuing entity and will not be obligations of or guaranteed by Bridgecrest Acceptance Corporation, Bridgecrest Auto Funding LLC, the underwriters or any of their affiliates.",,,,Per Class A-3 Note,,,%,,,,%,,,,%,
"You should carefully read the risk factors set forth under “Risk Factors” beginning on page 17 of this prospectus. The notes are asset backed securities. The notes will be the obligation solely of the issuing entity and will not be obligations of or guaranteed by Bridgecrest Acceptance Corporation, Bridgecrest Auto Funding LLC, the underwriters or any of their affiliates.",,,,Per Class B Note,,,%,,,,%,,,,%,
"You should carefully read the risk factors set forth under “Risk Factors” beginning on page 17 of this prospectus. The notes are asset backed securities. The notes will be the obligation solely of the issuing entity and will not be obligations of or guaranteed by Bridgecrest Acceptance Corporation, Bridgecrest Auto Funding LLC, the underwriters or any of their affiliates.",,,,Per Class C Note,,,%,,,,%,,,,%,
"You should carefully read the risk factors set forth under “Risk Factors” beginning on page 17 of this prospectus. The notes are asset backed securities. The notes will be the obligation solely of the issuing entity and will not be obligations of or guaranteed by Bridgecrest Acceptance Corporation, Bridgecrest Auto Funding LLC, the underwriters or any of their affiliates.",,,,Per Class D Note,,,%,,,,%,,,,%,
"You should carefully read the risk factors set forth under “Risk Factors” beginning on page 17 of this prospectus. The notes are asset backed securities. The notes will be the obligation solely of the issuing entity and will not be obligations of or guaranteed by Bridgecrest Acceptance Corporation, Bridgecrest Auto Funding LLC, the underwriters or any of their affiliates.",,,,,,,,,,,,,,,,
"You should carefully read the risk factors set forth under “Risk Factors” beginning on page 17 of this prospectus. The notes are asset backed securities. The notes will be the obligation solely of the issuing entity and will not be obligations of or guaranteed by Bridgecrest Acceptance Corporation, Bridgecrest Auto Funding LLC, the underwriters or any of their affiliates.",,,,Total,,$,,,,$,,,,,$,
,,,,,,,,,,,,,,,,
,,,,"(1) The aggregate initial principal amount of the offered notes will be $526,510,000 if the Base Transaction is issued or $624,000,000 if the Upsize Transaction is issued. The sponsor will make the determination regarding the aggregate initial principal amount of the notes based on, among other considerations, market conditions at the time of pricing. See “Risk Factors—The issuing entity has issued multiple classes of notes, and your notes may be more sensitive to losses, be affected by conflicts of interest between classes and have reduced liquidity or voting power because of an unknown retention of notes—The market value, liquidity and voting power of your notes may be adversely impacted by retention of notes by the depositor or its affiliates or by the unknown aggregate initial principal amount of the notes.” (2) The Class E notes are not being offered hereby and are anticipated to be either privately placed or retained by the depositor or another affiliate of BAC. The Class E notes will be entitled to certain payments as described herein. (3) All or a portion of one or more of the classes of notes offered hereby may be initially retained by the depositor or an affiliate thereof. (4) If the Upsize Transaction is issued, the following notes will be issued: $96,000,000 of Class A-1 notes, $128,000,000 of Class A-2 notes, $112,000,000 of Class A-3 notes, $64,000,000 of Class B notes, $100,000,000 of Class C notes, $124,000,000 of Class D notes and $56,000,000 of Class E notes. The sponsor will make the determination regarding the aggregate initial principal amount of the notes based on, among other considerations, market conditions at the time of pricing. See “Risk Factors—The issuing entity has issued multiple classes of notes, and your notes may be more sensitive to losses, be affected by conflicts of interest between classes and have reduced liquidity or voting power because of an unknown retention of notes—The market value, liquidity and voting power of your notes may be adversely impacted by retention of notes by the depositor or its affiliates or by the unknown aggregate initial principal amount of the notes.” (5) Plus accrued interest, if any, from the closing date.","(1) The aggregate initial principal amount of the offered notes will be $526,510,000 if the Base Transaction is issued or $624,000,000 if the Upsize Transaction is issued. The sponsor will make the determination regarding the aggregate initial principal amount of the notes based on, among other considerations, market conditions at the time of pricing. See “Risk Factors—The issuing entity has issued multiple classes of notes, and your notes may be more sensitive to losses, be affected by conflicts of interest between classes and have reduced liquidity or voting power because of an unknown retention of notes—The market value, liquidity and voting power of your notes may be adversely impacted by retention of notes by the depositor or its affiliates or by the unknown aggregate initial principal amount of the notes.” (2) The Class E notes are not being offered hereby and are anticipated to be either privately placed or retained by the depositor or another affiliate of BAC. The Class E notes will be entitled to certain payments as described herein. (3) All or a portion of one or more of the classes of notes offered hereby may be initially retained by the depositor or an affiliate thereof. (4) If the Upsize Transaction is issued, the following notes will be issued: $96,000,000 of Class A-1 notes, $128,000,000 of Class A-2 notes, $112,000,000 of Class A-3 notes, $64,000,000 of Class B notes, $100,000,000 of Class C notes, $124,000,000 of Class D notes and $56,000,000 of Class E notes. The sponsor will make the determination regarding the aggregate initial principal amount of the notes based on, among other considerations, market conditions at the time of pricing. See “Risk Factors—The issuing entity has issued multiple classes of notes, and your notes may be more sensitive to losses, be affected by conflicts of interest between classes and have reduced liquidity or voting power because of an unknown retention of notes—The market value, liquidity and voting power of your notes may be adversely impacted by retention of notes by the depositor or its affiliates or by the unknown aggregate initial principal amount of the notes.” (5) Plus accrued interest, if any, from the closing date.","(1) The aggregate initial principal amount of the offered notes will be $526,510,000 if the Base Transaction is issued or $624,000,000 if the Upsize Transaction is issued. The sponsor will make the determination regarding the aggregate initial principal amount of the notes based on, among other considerations, market conditions at the time of pricing. See “Risk Factors—The issuing entity has issued multiple classes of notes, and your notes may be more sensitive to losses, be affected by conflicts of interest between classes and have reduced liquidity or voting power because of an unknown retention of notes—The market value, liquidity and voting power of your notes may be adversely impacted by retention of notes by the depositor or its affiliates or by the unknown aggregate initial principal amount of the notes.” (2) The Class E notes are not being offered hereby and are anticipated to be either privately placed or retained by the depositor or another affiliate of BAC. The Class E notes will be entitled to certain payments as described herein. (3) All or a portion of one or more of the classes of notes offered hereby may be initially retained by the depositor or an affiliate thereof. (4) If the Upsize Transaction is issued, the following notes will be issued: $96,000,000 of Class A-1 notes, $128,000,000 of Class A-2 notes, $112,000,000 of Class A-3 notes, $64,000,000 of Class B notes, $100,000,000 of Class C notes, $124,000,000 of Class D notes and $56,000,000 of Class E notes. The sponsor will make the determination regarding the aggregate initial principal amount of the notes based on, among other considerations, market conditions at the time of pricing. See “Risk Factors—The issuing entity has issued multiple classes of notes, and your notes may be more sensitive to losses, be affected by conflicts of interest between classes and have reduced liquidity or voting power because of an unknown retention of notes—The market value, liquidity and voting power of your notes may be adversely impacted by retention of notes by the depositor or its affiliates or by the unknown aggregate initial principal amount of the notes.” (5) Plus accrued interest, if any, from the closing date.","(1) The aggregate initial principal amount of the offered notes will be $526,510,000 if the Base Transaction is issued or $624,000,000 if the Upsize Transaction is issued. The sponsor will make the determination regarding the aggregate initial principal amount of the notes based on, among other considerations, market conditions at the time of pricing. See “Risk Factors—The issuing entity has issued multiple classes of notes, and your notes may be more sensitive to losses, be affected by conflicts of interest between classes and have reduced liquidity or voting power because of an unknown retention of notes—The market value, liquidity and voting power of your notes may be adversely impacted by retention of notes by the depositor or its affiliates or by the unknown aggregate initial principal amount of the notes.” (2) The Class E notes are not being offered hereby and are anticipated to be either privately placed or retained by the depositor or another affiliate of BAC. The Class E notes will be entitled to certain payments as described herein. (3) All or a portion of one or more of the classes of notes offered hereby may be initially retained by the depositor or an affiliate thereof. (4) If the Upsize Transaction is issued, the following notes will be issued: $96,000,000 of Class A-1 notes, $128,000,000 of Class A-2 notes, $112,000,000 of Class A-3 notes, $64,000,000 of Class B notes, $100,000,000 of Class C notes, $124,000,000 of Class D notes and $56,000,000 of Class E notes. The sponsor will make the determination regarding the aggregate initial principal amount of the notes based on, among other considerations, market conditions at the time of pricing. See “Risk Factors—The issuing entity has issued multiple classes of notes, and your notes may be more sensitive to losses, be affected by conflicts of interest between classes and have reduced liquidity or voting power because of an unknown retention of notes—The market value, liquidity and voting power of your notes may be adversely impacted by retention of notes by the depositor or its affiliates or by the unknown aggregate initial principal amount of the notes.” (5) Plus accrued interest, if any, from the closing date.","(1) The aggregate initial principal amount of the offered notes will be $526,510,000 if the Base Transaction is issued or $624,000,000 if the Upsize Transaction is issued. The sponsor will make the determination regarding the aggregate initial principal amount of the notes based on, among other considerations, market conditions at the time of pricing. See “Risk Factors—The issuing entity has issued multiple classes of notes, and your notes may be more sensitive to losses, be affected by conflicts of interest between classes and have reduced liquidity or voting power because of an unknown retention of notes—The market value, liquidity and voting power of your notes may be adversely impacted by retention of notes by the depositor or its affiliates or by the unknown aggregate initial principal amount of the notes.” (2) The Class E notes are not being offered hereby and are anticipated to be either privately placed or retained by the depositor or another affiliate of BAC. The Class E notes will be entitled to certain payments as described herein. (3) All or a portion of one or more of the classes of notes offered hereby may be initially retained by the depositor or an affiliate thereof. (4) If the Upsize Transaction is issued, the following notes will be issued: $96,000,000 of Class A-1 notes, $128,000,000 of Class A-2 notes, $112,000,000 of Class A-3 notes, $64,000,000 of Class B notes, $100,000,000 of Class C notes, $124,000,000 of Class D notes and $56,000,000 of Class E notes. The sponsor will make the determination regarding the aggregate initial principal amount of the notes based on, among other considerations, market conditions at the time of pricing. See “Risk Factors—The issuing entity has issued multiple classes of notes, and your notes may be more sensitive to losses, be affected by conflicts of interest between classes and have reduced liquidity or voting power because of an unknown retention of notes—The market value, liquidity and voting power of your notes may be adversely impacted by retention of notes by the depositor or its affiliates or by the unknown aggregate initial principal amount of the notes.” (5) Plus accrued interest, if any, from the closing date.","(1) The aggregate initial principal amount of the offered notes will be $526,510,000 if the Base Transaction is issued or $624,000,000 if the Upsize Transaction is issued. The sponsor will make the determination regarding the aggregate initial principal amount of the notes based on, among other considerations, market conditions at the time of pricing. See “Risk Factors—The issuing entity has issued multiple classes of notes, and your notes may be more sensitive to losses, be affected by conflicts of interest between classes and have reduced liquidity or voting power because of an unknown retention of notes—The market value, liquidity and voting power of your notes may be adversely impacted by retention of notes by the depositor or its affiliates or by the unknown aggregate initial principal amount of the notes.” (2) The Class E notes are not being offered hereby and are anticipated to be either privately placed or retained by the depositor or another affiliate of BAC. The Class E notes will be entitled to certain payments as described herein. (3) All or a portion of one or more of the classes of notes offered hereby may be initially retained by the depositor or an affiliate thereof. (4) If the Upsize Transaction is issued, the following notes will be issued: $96,000,000 of Class A-1 notes, $128,000,000 of Class A-2 notes, $112,000,000 of Class A-3 notes, $64,000,000 of Class B notes, $100,000,000 of Class C notes, $124,000,000 of Class D notes and $56,000,000 of Class E notes. The sponsor will make the determination regarding the aggregate initial principal amount of the notes based on, among other considerations, market conditions at the time of pricing. See “Risk Factors—The issuing entity has issued multiple classes of notes, and your notes may be more sensitive to losses, be affected by conflicts of interest between classes and have reduced liquidity or voting power because of an unknown retention of notes—The market value, liquidity and voting power of your notes may be adversely impacted by retention of notes by the depositor or its affiliates or by the unknown aggregate initial principal amount of the notes.” (5) Plus accrued interest, if any, from the closing date.","(1) The aggregate initial principal amount of the offered notes will be $526,510,000 if the Base Transaction is issued or $624,000,000 if the Upsize Transaction is issued. The sponsor will make the determination regarding the aggregate initial principal amount of the notes based on, among other considerations, market conditions at the time of pricing. See “Risk Factors—The issuing entity has issued multiple classes of notes, and your notes may be more sensitive to losses, be affected by conflicts of interest between classes and have reduced liquidity or voting power because of an unknown retention of notes—The market value, liquidity and voting power of your notes may be adversely impacted by retention of notes by the depositor or its affiliates or by the unknown aggregate initial principal amount of the notes.” (2) The Class E notes are not being offered hereby and are anticipated to be either privately placed or retained by the depositor or another affiliate of BAC. The Class E notes will be entitled to certain payments as described herein. (3) All or a portion of one or more of the classes of notes offered hereby may be initially retained by the depositor or an affiliate thereof. (4) If the Upsize Transaction is issued, the following notes will be issued: $96,000,000 of Class A-1 notes, $128,000,000 of Class A-2 notes, $112,000,000 of Class A-3 notes, $64,000,000 of Class B notes, $100,000,000 of Class C notes, $124,000,000 of Class D notes and $56,000,000 of Class E notes. The sponsor will make the determination regarding the aggregate initial principal amount of the notes based on, among other considerations, market conditions at the time of pricing. See “Risk Factors—The issuing entity has issued multiple classes of notes, and your notes may be more sensitive to losses, be affected by conflicts of interest between classes and have reduced liquidity or voting power because of an unknown retention of notes—The market value, liquidity and voting power of your notes may be adversely impacted by retention of notes by the depositor or its affiliates or by the unknown aggregate initial principal amount of the notes.” (5) Plus accrued interest, if any, from the closing date.","(1) The aggregate initial principal amount of the offered notes will be $526,510,000 if the Base Transaction is issued or $624,000,000 if the Upsize Transaction is issued. The sponsor will make the determination regarding the aggregate initial principal amount of the notes based on, among other considerations, market conditions at the time of pricing. See “Risk Factors—The issuing entity has issued multiple classes of notes, and your notes may be more sensitive to losses, be affected by conflicts of interest between classes and have reduced liquidity or voting power because of an unknown retention of notes—The market value, liquidity and voting power of your notes may be adversely impacted by retention of notes by the depositor or its affiliates or by the unknown aggregate initial principal amount of the notes.” (2) The Class E notes are not being offered hereby and are anticipated to be either privately placed or retained by the depositor or another affiliate of BAC. The Class E notes will be entitled to certain payments as described herein. (3) All or a portion of one or more of the classes of notes offered hereby may be initially retained by the depositor or an affiliate thereof. (4) If the Upsize Transaction is issued, the following notes will be issued: $96,000,000 of Class A-1 notes, $128,000,000 of Class A-2 notes, $112,000,000 of Class A-3 notes, $64,000,000 of Class B notes, $100,000,000 of Class C notes, $124,000,000 of Class D notes and $56,000,000 of Class E notes. The sponsor will make the determination regarding the aggregate initial principal amount of the notes based on, among other considerations, market conditions at the time of pricing. See “Risk Factors—The issuing entity has issued multiple classes of notes, and your notes may be more sensitive to losses, be affected by conflicts of interest between classes and have reduced liquidity or voting power because of an unknown retention of notes—The market value, liquidity and voting power of your notes may be adversely impacted by retention of notes by the depositor or its affiliates or by the unknown aggregate initial principal amount of the notes.” (5) Plus accrued interest, if any, from the closing date.","(1) The aggregate initial principal amount of the offered notes will be $526,510,000 if the Base Transaction is issued or $624,000,000 if the Upsize Transaction is issued. The sponsor will make the determination regarding the aggregate initial principal amount of the notes based on, among other considerations, market conditions at the time of pricing. See “Risk Factors—The issuing entity has issued multiple classes of notes, and your notes may be more sensitive to losses, be affected by conflicts of interest between classes and have reduced liquidity or voting power because of an unknown retention of notes—The market value, liquidity and voting power of your notes may be adversely impacted by retention of notes by the depositor or its affiliates or by the unknown aggregate initial principal amount of the notes.” (2) The Class E notes are not being offered hereby and are anticipated to be either privately placed or retained by the depositor or another affiliate of BAC. The Class E notes will be entitled to certain payments as described herein. (3) All or a portion of one or more of the classes of notes offered hereby may be initially retained by the depositor or an affiliate thereof. (4) If the Upsize Transaction is issued, the following notes will be issued: $96,000,000 of Class A-1 notes, $128,000,000 of Class A-2 notes, $112,000,000 of Class A-3 notes, $64,000,000 of Class B notes, $100,000,000 of Class C notes, $124,000,000 of Class D notes and $56,000,000 of Class E notes. The sponsor will make the determination regarding the aggregate initial principal amount of the notes based on, among other considerations, market conditions at the time of pricing. See “Risk Factors—The issuing entity has issued multiple classes of notes, and your notes may be more sensitive to losses, be affected by conflicts of interest between classes and have reduced liquidity or voting power because of an unknown retention of notes—The market value, liquidity and voting power of your notes may be adversely impacted by retention of notes by the depositor or its affiliates or by the unknown aggregate initial principal amount of the notes.” (5) Plus accrued interest, if any, from the closing date.","(1) The aggregate initial principal amount of the offered notes will be $526,510,000 if the Base Transaction is issued or $624,000,000 if the Upsize Transaction is issued. The sponsor will make the determination regarding the aggregate initial principal amount of the notes based on, among other considerations, market conditions at the time of pricing. See “Risk Factors—The issuing entity has issued multiple classes of notes, and your notes may be more sensitive to losses, be affected by conflicts of interest between classes and have reduced liquidity or voting power because of an unknown retention of notes—The market value, liquidity and voting power of your notes may be adversely impacted by retention of notes by the depositor or its affiliates or by the unknown aggregate initial principal amount of the notes.” (2) The Class E notes are not being offered hereby and are anticipated to be either privately placed or retained by the depositor or another affiliate of BAC. The Class E notes will be entitled to certain payments as described herein. (3) All or a portion of one or more of the classes of notes offered hereby may be initially retained by the depositor or an affiliate thereof. (4) If the Upsize Transaction is issued, the following notes will be issued: $96,000,000 of Class A-1 notes, $128,000,000 of Class A-2 notes, $112,000,000 of Class A-3 notes, $64,000,000 of Class B notes, $100,000,000 of Class C notes, $124,000,000 of Class D notes and $56,000,000 of Class E notes. The sponsor will make the determination regarding the aggregate initial principal amount of the notes based on, among other considerations, market conditions at the time of pricing. See “Risk Factors—The issuing entity has issued multiple classes of notes, and your notes may be more sensitive to losses, be affected by conflicts of interest between classes and have reduced liquidity or voting power because of an unknown retention of notes—The market value, liquidity and voting power of your notes may be adversely impacted by retention of notes by the depositor or its affiliates or by the unknown aggregate initial principal amount of the notes.” (5) Plus accrued interest, if any, from the closing date.","(1) The aggregate initial principal amount of the offered notes will be $526,510,000 if the Base Transaction is issued or $624,000,000 if the Upsize Transaction is issued. The sponsor will make the determination regarding the aggregate initial principal amount of the notes based on, among other considerations, market conditions at the time of pricing. See “Risk Factors—The issuing entity has issued multiple classes of notes, and your notes may be more sensitive to losses, be affected by conflicts of interest between classes and have reduced liquidity or voting power because of an unknown retention of notes—The market value, liquidity and voting power of your notes may be adversely impacted by retention of notes by the depositor or its affiliates or by the unknown aggregate initial principal amount of the notes.” (2) The Class E notes are not being offered hereby and are anticipated to be either privately placed or retained by the depositor or another affiliate of BAC. The Class E notes will be entitled to certain payments as described herein. (3) All or a portion of one or more of the classes of notes offered hereby may be initially retained by the depositor or an affiliate thereof. (4) If the Upsize Transaction is issued, the following notes will be issued: $96,000,000 of Class A-1 notes, $128,000,000 of Class A-2 notes, $112,000,000 of Class A-3 notes, $64,000,000 of Class B notes, $100,000,000 of Class C notes, $124,000,000 of Class D notes and $56,000,000 of Class E notes. The sponsor will make the determination regarding the aggregate initial principal amount of the notes based on, among other considerations, market conditions at the time of pricing. See “Risk Factors—The issuing entity has issued multiple classes of notes, and your notes may be more sensitive to losses, be affected by conflicts of interest between classes and have reduced liquidity or voting power because of an unknown retention of notes—The market value, liquidity and voting power of your notes may be adversely impacted by retention of notes by the depositor or its affiliates or by the unknown aggregate initial principal amount of the notes.” (5) Plus accrued interest, if any, from the closing date.","(1) The aggregate initial principal amount of the offered notes will be $526,510,000 if the Base Transaction is issued or $624,000,000 if the Upsize Transaction is issued. The sponsor will make the determination regarding the aggregate initial principal amount of the notes based on, among other considerations, market conditions at the time of pricing. See “Risk Factors—The issuing entity has issued multiple classes of notes, and your notes may be more sensitive to losses, be affected by conflicts of interest between classes and have reduced liquidity or voting power because of an unknown retention of notes—The market value, liquidity and voting power of your notes may be adversely impacted by retention of notes by the depositor or its affiliates or by the unknown aggregate initial principal amount of the notes.” (2) The Class E notes are not being offered hereby and are anticipated to be either privately placed or retained by the depositor or another affiliate of BAC. The Class E notes will be entitled to certain payments as described herein. (3) All or a portion of one or more of the classes of notes offered hereby may be initially retained by the depositor or an affiliate thereof. (4) If the Upsize Transaction is issued, the following notes will be issued: $96,000,000 of Class A-1 notes, $128,000,000 of Class A-2 notes, $112,000,000 of Class A-3 notes, $64,000,000 of Class B notes, $100,000,000 of Class C notes, $124,000,000 of Class D notes and $56,000,000 of Class E notes. The sponsor will make the determination regarding the aggregate initial principal amount of the notes based on, among other considerations, market conditions at the time of pricing. See “Risk Factors—The issuing entity has issued multiple classes of notes, and your notes may be more sensitive to losses, be affected by conflicts of interest between classes and have reduced liquidity or voting power because of an unknown retention of notes—The market value, liquidity and voting power of your notes may be adversely impacted by retention of notes by the depositor or its affiliates or by the unknown aggregate initial principal amount of the notes.” (5) Plus accrued interest, if any, from the closing date.",
,,,,"(1) The aggregate initial principal amount of the offered notes will be $526,510,000 if the Base Transaction is issued or $624,000,000 if the Upsize Transaction is issued. The sponsor will make the determination regarding the aggregate initial principal amount of the notes based on, among other considerations, market conditions at the time of pricing. See “Risk Factors—The issuing entity has issued multiple classes of notes, and your notes may be more sensitive to losses, be affected by conflicts of interest between classes and have reduced liquidity or voting power because of an unknown retention of notes—The market value, liquidity and voting power of your notes may be adversely impacted by retention of notes by the depositor or its affiliates or by the unknown aggregate initial principal amount of the notes.” (2) The Class E notes are not being offered hereby and are anticipated to be either privately placed or retained by the depositor or another affiliate of BAC. The Class E notes will be entitled to certain payments as described herein. (3) All or a portion of one or more of the classes of notes offered hereby may be initially retained by the depositor or an affiliate thereof. (4) If the Upsize Transaction is issued, the following notes will be issued: $96,000,000 of Class A-1 notes, $128,000,000 of Class A-2 notes, $112,000,000 of Class A-3 notes, $64,000,000 of Class B notes, $100,000,000 of Class C notes, $124,000,000 of Class D notes and $56,000,000 of Class E notes. The sponsor will make the determination regarding the aggregate initial principal amount of the notes based on, among other considerations, market conditions at the time of pricing. See “Risk Factors—The issuing entity has issued multiple classes of notes, and your notes may be more sensitive to losses, be affected by conflicts of interest between classes and have reduced liquidity or voting power because of an unknown retention of notes—The market value, liquidity and voting power of your notes may be adversely impacted by retention of notes by the depositor or its affiliates or by the unknown aggregate initial principal amount of the notes.” (5) Plus accrued interest, if any, from the closing date.","(1) The aggregate initial principal amount of the offered notes will be $526,510,000 if the Base Transaction is issued or $624,000,000 if the Upsize Transaction is issued. The sponsor will make the determination regarding the aggregate initial principal amount of the notes based on, among other considerations, market conditions at the time of pricing. See “Risk Factors—The issuing entity has issued multiple classes of notes, and your notes may be more sensitive to losses, be affected by conflicts of interest between classes and have reduced liquidity or voting power because of an unknown retention of notes—The market value, liquidity and voting power of your notes may be adversely impacted by retention of notes by the depositor or its affiliates or by the unknown aggregate initial principal amount of the notes.” (2) The Class E notes are not being offered hereby and are anticipated to be either privately placed or retained by the depositor or another affiliate of BAC. The Class E notes will be entitled to certain payments as described herein. (3) All or a portion of one or more of the classes of notes offered hereby may be initially retained by the depositor or an affiliate thereof. (4) If the Upsize Transaction is issued, the following notes will be issued: $96,000,000 of Class A-1 notes, $128,000,000 of Class A-2 notes, $112,000,000 of Class A-3 notes, $64,000,000 of Class B notes, $100,000,000 of Class C notes, $124,000,000 of Class D notes and $56,000,000 of Class E notes. The sponsor will make the determination regarding the aggregate initial principal amount of the notes based on, among other considerations, market conditions at the time of pricing. See “Risk Factors—The issuing entity has issued multiple classes of notes, and your notes may be more sensitive to losses, be affected by conflicts of interest between classes and have reduced liquidity or voting power because of an unknown retention of notes—The market value, liquidity and voting power of your notes may be adversely impacted by retention of notes by the depositor or its affiliates or by the unknown aggregate initial principal amount of the notes.” (5) Plus accrued interest, if any, from the closing date.","(1) The aggregate initial principal amount of the offered notes will be $526,510,000 if the Base Transaction is issued or $624,000,000 if the Upsize Transaction is issued. The sponsor will make the determination regarding the aggregate initial principal amount of the notes based on, among other considerations, market conditions at the time of pricing. See “Risk Factors—The issuing entity has issued multiple classes of notes, and your notes may be more sensitive to losses, be affected by conflicts of interest between classes and have reduced liquidity or voting power because of an unknown retention of notes—The market value, liquidity and voting power of your notes may be adversely impacted by retention of notes by the depositor or its affiliates or by the unknown aggregate initial principal amount of the notes.” (2) The Class E notes are not being offered hereby and are anticipated to be either privately placed or retained by the depositor or another affiliate of BAC. The Class E notes will be entitled to certain payments as described herein. (3) All or a portion of one or more of the classes of notes offered hereby may be initially retained by the depositor or an affiliate thereof. (4) If the Upsize Transaction is issued, the following notes will be issued: $96,000,000 of Class A-1 notes, $128,000,000 of Class A-2 notes, $112,000,000 of Class A-3 notes, $64,000,000 of Class B notes, $100,000,000 of Class C notes, $124,000,000 of Class D notes and $56,000,000 of Class E notes. The sponsor will make the determination regarding the aggregate initial principal amount of the notes based on, among other considerations, market conditions at the time of pricing. See “Risk Factors—The issuing entity has issued multiple classes of notes, and your notes may be more sensitive to losses, be affected by conflicts of interest between classes and have reduced liquidity or voting power because of an unknown retention of notes—The market value, liquidity and voting power of your notes may be adversely impacted by retention of notes by the depositor or its affiliates or by the unknown aggregate initial principal amount of the notes.” (5) Plus accrued interest, if any, from the closing date.","(1) The aggregate initial principal amount of the offered notes will be $526,510,000 if the Base Transaction is issued or $624,000,000 if the Upsize Transaction is issued. The sponsor will make the determination regarding the aggregate initial principal amount of the notes based on, among other considerations, market conditions at the time of pricing. See “Risk Factors—The issuing entity has issued multiple classes of notes, and your notes may be more sensitive to losses, be affected by conflicts of interest between classes and have reduced liquidity or voting power because of an unknown retention of notes—The market value, liquidity and voting power of your notes may be adversely impacted by retention of notes by the depositor or its affiliates or by the unknown aggregate initial principal amount of the notes.” (2) The Class E notes are not being offered hereby and are anticipated to be either privately placed or retained by the depositor or another affiliate of BAC. The Class E notes will be entitled to certain payments as described herein. (3) All or a portion of one or more of the classes of notes offered hereby may be initially retained by the depositor or an affiliate thereof. (4) If the Upsize Transaction is issued, the following notes will be issued: $96,000,000 of Class A-1 notes, $128,000,000 of Class A-2 notes, $112,000,000 of Class A-3 notes, $64,000,000 of Class B notes, $100,000,000 of Class C notes, $124,000,000 of Class D notes and $56,000,000 of Class E notes. The sponsor will make the determination regarding the aggregate initial principal amount of the notes based on, among other considerations, market conditions at the time of pricing. See “Risk Factors—The issuing entity has issued multiple classes of notes, and your notes may be more sensitive to losses, be affected by conflicts of interest between classes and have reduced liquidity or voting power because of an unknown retention of notes—The market value, liquidity and voting power of your notes may be adversely impacted by retention of notes by the depositor or its affiliates or by the unknown aggregate initial principal amount of the notes.” (5) Plus accrued interest, if any, from the closing date.","(1) The aggregate initial principal amount of the offered notes will be $526,510,000 if the Base Transaction is issued or $624,000,000 if the Upsize Transaction is issued. The sponsor will make the determination regarding the aggregate initial principal amount of the notes based on, among other considerations, market conditions at the time of pricing. See “Risk Factors—The issuing entity has issued multiple classes of notes, and your notes may be more sensitive to losses, be affected by conflicts of interest between classes and have reduced liquidity or voting power because of an unknown retention of notes—The market value, liquidity and voting power of your notes may be adversely impacted by retention of notes by the depositor or its affiliates or by the unknown aggregate initial principal amount of the notes.” (2) The Class E notes are not being offered hereby and are anticipated to be either privately placed or retained by the depositor or another affiliate of BAC. The Class E notes will be entitled to certain payments as described herein. (3) All or a portion of one or more of the classes of notes offered hereby may be initially retained by the depositor or an affiliate thereof. (4) If the Upsize Transaction is issued, the following notes will be issued: $96,000,000 of Class A-1 notes, $128,000,000 of Class A-2 notes, $112,000,000 of Class A-3 notes, $64,000,000 of Class B notes, $100,000,000 of Class C notes, $124,000,000 of Class D notes and $56,000,000 of Class E notes. The sponsor will make the determination regarding the aggregate initial principal amount of the notes based on, among other considerations, market conditions at the time of pricing. See “Risk Factors—The issuing entity has issued multiple classes of notes, and your notes may be more sensitive to losses, be affected by conflicts of interest between classes and have reduced liquidity or voting power because of an unknown retention of notes—The market value, liquidity and voting power of your notes may be adversely impacted by retention of notes by the depositor or its affiliates or by the unknown aggregate initial principal amount of the notes.” (5) Plus accrued interest, if any, from the closing date.","(1) The aggregate initial principal amount of the offered notes will be $526,510,000 if the Base Transaction is issued or $624,000,000 if the Upsize Transaction is issued. The sponsor will make the determination regarding the aggregate initial principal amount of the notes based on, among other considerations, market conditions at the time of pricing. See “Risk Factors—The issuing entity has issued multiple classes of notes, and your notes may be more sensitive to losses, be affected by conflicts of interest between classes and have reduced liquidity or voting power because of an unknown retention of notes—The market value, liquidity and voting power of your notes may be adversely impacted by retention of notes by the depositor or its affiliates or by the unknown aggregate initial principal amount of the notes.” (2) The Class E notes are not being offered hereby and are anticipated to be either privately placed or retained by the depositor or another affiliate of BAC. The Class E notes will be entitled to certain payments as described herein. (3) All or a portion of one or more of the classes of notes offered hereby may be initially retained by the depositor or an affiliate thereof. (4) If the Upsize Transaction is issued, the following notes will be issued: $96,000,000 of Class A-1 notes, $128,000,000 of Class A-2 notes, $112,000,000 of Class A-3 notes, $64,000,000 of Class B notes, $100,000,000 of Class C notes, $124,000,000 of Class D notes and $56,000,000 of Class E notes. The sponsor will make the determination regarding the aggregate initial principal amount of the notes based on, among other considerations, market conditions at the time of pricing. See “Risk Factors—The issuing entity has issued multiple classes of notes, and your notes may be more sensitive to losses, be affected by conflicts of interest between classes and have reduced liquidity or voting power because of an unknown retention of notes—The market value, liquidity and voting power of your notes may be adversely impacted by retention of notes by the depositor or its affiliates or by the unknown aggregate initial principal amount of the notes.” (5) Plus accrued interest, if any, from the closing date.","(1) The aggregate initial principal amount of the offered notes will be $526,510,000 if the Base Transaction is issued or $624,000,000 if the Upsize Transaction is issued. The sponsor will make the determination regarding the aggregate initial principal amount of the notes based on, among other considerations, market conditions at the time of pricing. See “Risk Factors—The issuing entity has issued multiple classes of notes, and your notes may be more sensitive to losses, be affected by conflicts of interest between classes and have reduced liquidity or voting power because of an unknown retention of notes—The market value, liquidity and voting power of your notes may be adversely impacted by retention of notes by the depositor or its affiliates or by the unknown aggregate initial principal amount of the notes.” (2) The Class E notes are not being offered hereby and are anticipated to be either privately placed or retained by the depositor or another affiliate of BAC. The Class E notes will be entitled to certain payments as described herein. (3) All or a portion of one or more of the classes of notes offered hereby may be initially retained by the depositor or an affiliate thereof. (4) If the Upsize Transaction is issued, the following notes will be issued: $96,000,000 of Class A-1 notes, $128,000,000 of Class A-2 notes, $112,000,000 of Class A-3 notes, $64,000,000 of Class B notes, $100,000,000 of Class C notes, $124,000,000 of Class D notes and $56,000,000 of Class E notes. The sponsor will make the determination regarding the aggregate initial principal amount of the notes based on, among other considerations, market conditions at the time of pricing. See “Risk Factors—The issuing entity has issued multiple classes of notes, and your notes may be more sensitive to losses, be affected by conflicts of interest between classes and have reduced liquidity or voting power because of an unknown retention of notes—The market value, liquidity and voting power of your notes may be adversely impacted by retention of notes by the depositor or its affiliates or by the unknown aggregate initial principal amount of the notes.” (5) Plus accrued interest, if any, from the closing date.","(1) The aggregate initial principal amount of the offered notes will be $526,510,000 if the Base Transaction is issued or $624,000,000 if the Upsize Transaction is issued. The sponsor will make the determination regarding the aggregate initial principal amount of the notes based on, among other considerations, market conditions at the time of pricing. See “Risk Factors—The issuing entity has issued multiple classes of notes, and your notes may be more sensitive to losses, be affected by conflicts of interest between classes and have reduced liquidity or voting power because of an unknown retention of notes—The market value, liquidity and voting power of your notes may be adversely impacted by retention of notes by the depositor or its affiliates or by the unknown aggregate initial principal amount of the notes.” (2) The Class E notes are not being offered hereby and are anticipated to be either privately placed or retained by the depositor or another affiliate of BAC. The Class E notes will be entitled to certain payments as described herein. (3) All or a portion of one or more of the classes of notes offered hereby may be initially retained by the depositor or an affiliate thereof. (4) If the Upsize Transaction is issued, the following notes will be issued: $96,000,000 of Class A-1 notes, $128,000,000 of Class A-2 notes, $112,000,000 of Class A-3 notes, $64,000,000 of Class B notes, $100,000,000 of Class C notes, $124,000,000 of Class D notes and $56,000,000 of Class E notes. The sponsor will make the determination regarding the aggregate initial principal amount of the notes based on, among other considerations, market conditions at the time of pricing. See “Risk Factors—The issuing entity has issued multiple classes of notes, and your notes may be more sensitive to losses, be affected by conflicts of interest between classes and have reduced liquidity or voting power because of an unknown retention of notes—The market value, liquidity and voting power of your notes may be adversely impacted by retention of notes by the depositor or its affiliates or by the unknown aggregate initial principal amount of the notes.” (5) Plus accrued interest, if any, from the closing date.","(1) The aggregate initial principal amount of the offered notes will be $526,510,000 if the Base Transaction is issued or $624,000,000 if the Upsize Transaction is issued. The sponsor will make the determination regarding the aggregate initial principal amount of the notes based on, among other considerations, market conditions at the time of pricing. See “Risk Factors—The issuing entity has issued multiple classes of notes, and your notes may be more sensitive to losses, be affected by conflicts of interest between classes and have reduced liquidity or voting power because of an unknown retention of notes—The market value, liquidity and voting power of your notes may be adversely impacted by retention of notes by the depositor or its affiliates or by the unknown aggregate initial principal amount of the notes.” (2) The Class E notes are not being offered hereby and are anticipated to be either privately placed or retained by the depositor or another affiliate of BAC. The Class E notes will be entitled to certain payments as described herein. (3) All or a portion of one or more of the classes of notes offered hereby may be initially retained by the depositor or an affiliate thereof. (4) If the Upsize Transaction is issued, the following notes will be issued: $96,000,000 of Class A-1 notes, $128,000,000 of Class A-2 notes, $112,000,000 of Class A-3 notes, $64,000,000 of Class B notes, $100,000,000 of Class C notes, $124,000,000 of Class D notes and $56,000,000 of Class E notes. The sponsor will make the determination regarding the aggregate initial principal amount of the notes based on, among other considerations, market conditions at the time of pricing. See “Risk Factors—The issuing entity has issued multiple classes of notes, and your notes may be more sensitive to losses, be affected by conflicts of interest between classes and have reduced liquidity or voting power because of an unknown retention of notes—The market value, liquidity and voting power of your notes may be adversely impacted by retention of notes by the depositor or its affiliates or by the unknown aggregate initial principal amount of the notes.” (5) Plus accrued interest, if any, from the closing date.","(1) The aggregate initial principal amount of the offered notes will be $526,510,000 if the Base Transaction is issued or $624,000,000 if the Upsize Transaction is issued. The sponsor will make the determination regarding the aggregate initial principal amount of the notes based on, among other considerations, market conditions at the time of pricing. See “Risk Factors—The issuing entity has issued multiple classes of notes, and your notes may be more sensitive to losses, be affected by conflicts of interest between classes and have reduced liquidity or voting power because of an unknown retention of notes—The market value, liquidity and voting power of your notes may be adversely impacted by retention of notes by the depositor or its affiliates or by the unknown aggregate initial principal amount of the notes.” (2) The Class E notes are not being offered hereby and are anticipated to be either privately placed or retained by the depositor or another affiliate of BAC. The Class E notes will be entitled to certain payments as described herein. (3) All or a portion of one or more of the classes of notes offered hereby may be initially retained by the depositor or an affiliate thereof. (4) If the Upsize Transaction is issued, the following notes will be issued: $96,000,000 of Class A-1 notes, $128,000,000 of Class A-2 notes, $112,000,000 of Class A-3 notes, $64,000,000 of Class B notes, $100,000,000 of Class C notes, $124,000,000 of Class D notes and $56,000,000 of Class E notes. The sponsor will make the determination regarding the aggregate initial principal amount of the notes based on, among other considerations, market conditions at the time of pricing. See “Risk Factors—The issuing entity has issued multiple classes of notes, and your notes may be more sensitive to losses, be affected by conflicts of interest between classes and have reduced liquidity or voting power because of an unknown retention of notes—The market value, liquidity and voting power of your notes may be adversely impacted by retention of notes by the depositor or its affiliates or by the unknown aggregate initial principal amount of the notes.” (5) Plus accrued interest, if any, from the closing date.","(1) The aggregate initial principal amount of the offered notes will be $526,510,000 if the Base Transaction is issued or $624,000,000 if the Upsize Transaction is issued. The sponsor will make the determination regarding the aggregate initial principal amount of the notes based on, among other considerations, market conditions at the time of pricing. See “Risk Factors—The issuing entity has issued multiple classes of notes, and your notes may be more sensitive to losses, be affected by conflicts of interest between classes and have reduced liquidity or voting power because of an unknown retention of notes—The market value, liquidity and voting power of your notes may be adversely impacted by retention of notes by the depositor or its affiliates or by the unknown aggregate initial principal amount of the notes.” (2) The Class E notes are not being offered hereby and are anticipated to be either privately placed or retained by the depositor or another affiliate of BAC. The Class E notes will be entitled to certain payments as described herein. (3) All or a portion of one or more of the classes of notes offered hereby may be initially retained by the depositor or an affiliate thereof. (4) If the Upsize Transaction is issued, the following notes will be issued: $96,000,000 of Class A-1 notes, $128,000,000 of Class A-2 notes, $112,000,000 of Class A-3 notes, $64,000,000 of Class B notes, $100,000,000 of Class C notes, $124,000,000 of Class D notes and $56,000,000 of Class E notes. The sponsor will make the determination regarding the aggregate initial principal amount of the notes based on, among other considerations, market conditions at the time of pricing. See “Risk Factors—The issuing entity has issued multiple classes of notes, and your notes may be more sensitive to losses, be affected by conflicts of interest between classes and have reduced liquidity or voting power because of an unknown retention of notes—The market value, liquidity and voting power of your notes may be adversely impacted by retention of notes by the depositor or its affiliates or by the unknown aggregate initial principal amount of the notes.” (5) Plus accrued interest, if any, from the closing date.","(1) The aggregate initial principal amount of the offered notes will be $526,510,000 if the Base Transaction is issued or $624,000,000 if the Upsize Transaction is issued. The sponsor will make the determination regarding the aggregate initial principal amount of the notes based on, among other considerations, market conditions at the time of pricing. See “Risk Factors—The issuing entity has issued multiple classes of notes, and your notes may be more sensitive to losses, be affected by conflicts of interest between classes and have reduced liquidity or voting power because of an unknown retention of notes—The market value, liquidity and voting power of your notes may be adversely impacted by retention of notes by the depositor or its affiliates or by the unknown aggregate initial principal amount of the notes.” (2) The Class E notes are not being offered hereby and are anticipated to be either privately placed or retained by the depositor or another affiliate of BAC. The Class E notes will be entitled to certain payments as described herein. (3) All or a portion of one or more of the classes of notes offered hereby may be initially retained by the depositor or an affiliate thereof. (4) If the Upsize Transaction is issued, the following notes will be issued: $96,000,000 of Class A-1 notes, $128,000,000 of Class A-2 notes, $112,000,000 of Class A-3 notes, $64,000,000 of Class B notes, $100,000,000 of Class C notes, $124,000,000 of Class D notes and $56,000,000 of Class E notes. The sponsor will make the determination regarding the aggregate initial principal amount of the notes based on, among other considerations, market conditions at the time of pricing. See “Risk Factors—The issuing entity has issued multiple classes of notes, and your notes may be more sensitive to losses, be affected by conflicts of interest between classes and have reduced liquidity or voting power because of an unknown retention of notes—The market value, liquidity and voting power of your notes may be adversely impacted by retention of notes by the depositor or its affiliates or by the unknown aggregate initial principal amount of the notes.” (5) Plus accrued interest, if any, from the closing date.",
,,,,"(1) The aggregate initial principal amount of the offered notes will be $526,510,000 if the Base Transaction is issued or $624,000,000 if the Upsize Transaction is issued. The sponsor will make the determination regarding the aggregate initial principal amount of the notes based on, among other considerations, market conditions at the time of pricing. See “Risk Factors—The issuing entity has issued multiple classes of notes, and your notes may be more sensitive to losses, be affected by conflicts of interest between classes and have reduced liquidity or voting power because of an unknown retention of notes—The market value, liquidity and voting power of your notes may be adversely impacted by retention of notes by the depositor or its affiliates or by the unknown aggregate initial principal amount of the notes.” (2) The Class E notes are not being offered hereby and are anticipated to be either privately placed or retained by the depositor or another affiliate of BAC. The Class E notes will be entitled to certain payments as described herein. (3) All or a portion of one or more of the classes of notes offered hereby may be initially retained by the depositor or an affiliate thereof. (4) If the Upsize Transaction is issued, the following notes will be issued: $96,000,000 of Class A-1 notes, $128,000,000 of Class A-2 notes, $112,000,000 of Class A-3 notes, $64,000,000 of Class B notes, $100,000,000 of Class C notes, $124,000,000 of Class D notes and $56,000,000 of Class E notes. The sponsor will make the determination regarding the aggregate initial principal amount of the notes based on, among other considerations, market conditions at the time of pricing. See “Risk Factors—The issuing entity has issued multiple classes of notes, and your notes may be more sensitive to losses, be affected by conflicts of interest between classes and have reduced liquidity or voting power because of an unknown retention of notes—The market value, liquidity and voting power of your notes may be adversely impacted by retention of notes by the depositor or its affiliates or by the unknown aggregate initial principal amount of the notes.” (5) Plus accrued interest, if any, from the closing date.","(1) The aggregate initial principal amount of the offered notes will be $526,510,000 if the Base Transaction is issued or $624,000,000 if the Upsize Transaction is issued. The sponsor will make the determination regarding the aggregate initial principal amount of the notes based on, among other considerations, market conditions at the time of pricing. See “Risk Factors—The issuing entity has issued multiple classes of notes, and your notes may be more sensitive to losses, be affected by conflicts of interest between classes and have reduced liquidity or voting power because of an unknown retention of notes—The market value, liquidity and voting power of your notes may be adversely impacted by retention of notes by the depositor or its affiliates or by the unknown aggregate initial principal amount of the notes.” (2) The Class E notes are not being offered hereby and are anticipated to be either privately placed or retained by the depositor or another affiliate of BAC. The Class E notes will be entitled to certain payments as described herein. (3) All or a portion of one or more of the classes of notes offered hereby may be initially retained by the depositor or an affiliate thereof. (4) If the Upsize Transaction is issued, the following notes will be issued: $96,000,000 of Class A-1 notes, $128,000,000 of Class A-2 notes, $112,000,000 of Class A-3 notes, $64,000,000 of Class B notes, $100,000,000 of Class C notes, $124,000,000 of Class D notes and $56,000,000 of Class E notes. The sponsor will make the determination regarding the aggregate initial principal amount of the notes based on, among other considerations, market conditions at the time of pricing. See “Risk Factors—The issuing entity has issued multiple classes of notes, and your notes may be more sensitive to losses, be affected by conflicts of interest between classes and have reduced liquidity or voting power because of an unknown retention of notes—The market value, liquidity and voting power of your notes may be adversely impacted by retention of notes by the depositor or its affiliates or by the unknown aggregate initial principal amount of the notes.” (5) Plus accrued interest, if any, from the closing date.","(1) The aggregate initial principal amount of the offered notes will be $526,510,000 if the Base Transaction is issued or $624,000,000 if the Upsize Transaction is issued. The sponsor will make the determination regarding the aggregate initial principal amount of the notes based on, among other considerations, market conditions at the time of pricing. See “Risk Factors—The issuing entity has issued multiple classes of notes, and your notes may be more sensitive to losses, be affected by conflicts of interest between classes and have reduced liquidity or voting power because of an unknown retention of notes—The market value, liquidity and voting power of your notes may be adversely impacted by retention of notes by the depositor or its affiliates or by the unknown aggregate initial principal amount of the notes.” (2) The Class E notes are not being offered hereby and are anticipated to be either privately placed or retained by the depositor or another affiliate of BAC. The Class E notes will be entitled to certain payments as described herein. (3) All or a portion of one or more of the classes of notes offered hereby may be initially retained by the depositor or an affiliate thereof. (4) If the Upsize Transaction is issued, the following notes will be issued: $96,000,000 of Class A-1 notes, $128,000,000 of Class A-2 notes, $112,000,000 of Class A-3 notes, $64,000,000 of Class B notes, $100,000,000 of Class C notes, $124,000,000 of Class D notes and $56,000,000 of Class E notes. The sponsor will make the determination regarding the aggregate initial principal amount of the notes based on, among other considerations, market conditions at the time of pricing. See “Risk Factors—The issuing entity has issued multiple classes of notes, and your notes may be more sensitive to losses, be affected by conflicts of interest between classes and have reduced liquidity or voting power because of an unknown retention of notes—The market value, liquidity and voting power of your notes may be adversely impacted by retention of notes by the depositor or its affiliates or by the unknown aggregate initial principal amount of the notes.” (5) Plus accrued interest, if any, from the closing date.","(1) The aggregate initial principal amount of the offered notes will be $526,510,000 if the Base Transaction is issued or $624,000,000 if the Upsize Transaction is issued. The sponsor will make the determination regarding the aggregate initial principal amount of the notes based on, among other considerations, market conditions at the time of pricing. See “Risk Factors—The issuing entity has issued multiple classes of notes, and your notes may be more sensitive to losses, be affected by conflicts of interest between classes and have reduced liquidity or voting power because of an unknown retention of notes—The market value, liquidity and voting power of your notes may be adversely impacted by retention of notes by the depositor or its affiliates or by the unknown aggregate initial principal amount of the notes.” (2) The Class E notes are not being offered hereby and are anticipated to be either privately placed or retained by the depositor or another affiliate of BAC. The Class E notes will be entitled to certain payments as described herein. (3) All or a portion of one or more of the classes of notes offered hereby may be initially retained by the depositor or an affiliate thereof. (4) If the Upsize Transaction is issued, the following notes will be issued: $96,000,000 of Class A-1 notes, $128,000,000 of Class A-2 notes, $112,000,000 of Class A-3 notes, $64,000,000 of Class B notes, $100,000,000 of Class C notes, $124,000,000 of Class D notes and $56,000,000 of Class E notes. The sponsor will make the determination regarding the aggregate initial principal amount of the notes based on, among other considerations, market conditions at the time of pricing. See “Risk Factors—The issuing entity has issued multiple classes of notes, and your notes may be more sensitive to losses, be affected by conflicts of interest between classes and have reduced liquidity or voting power because of an unknown retention of notes—The market value, liquidity and voting power of your notes may be adversely impacted by retention of notes by the depositor or its affiliates or by the unknown aggregate initial principal amount of the notes.” (5) Plus accrued interest, if any, from the closing date.","(1) The aggregate initial principal amount of the offered notes will be $526,510,000 if the Base Transaction is issued or $624,000,000 if the Upsize Transaction is issued. The sponsor will make the determination regarding the aggregate initial principal amount of the notes based on, among other considerations, market conditions at the time of pricing. See “Risk Factors—The issuing entity has issued multiple classes of notes, and your notes may be more sensitive to losses, be affected by conflicts of interest between classes and have reduced liquidity or voting power because of an unknown retention of notes—The market value, liquidity and voting power of your notes may be adversely impacted by retention of notes by the depositor or its affiliates or by the unknown aggregate initial principal amount of the notes.” (2) The Class E notes are not being offered hereby and are anticipated to be either privately placed or retained by the depositor or another affiliate of BAC. The Class E notes will be entitled to certain payments as described herein. (3) All or a portion of one or more of the classes of notes offered hereby may be initially retained by the depositor or an affiliate thereof. (4) If the Upsize Transaction is issued, the following notes will be issued: $96,000,000 of Class A-1 notes, $128,000,000 of Class A-2 notes, $112,000,000 of Class A-3 notes, $64,000,000 of Class B notes, $100,000,000 of Class C notes, $124,000,000 of Class D notes and $56,000,000 of Class E notes. The sponsor will make the determination regarding the aggregate initial principal amount of the notes based on, among other considerations, market conditions at the time of pricing. See “Risk Factors—The issuing entity has issued multiple classes of notes, and your notes may be more sensitive to losses, be affected by conflicts of interest between classes and have reduced liquidity or voting power because of an unknown retention of notes—The market value, liquidity and voting power of your notes may be adversely impacted by retention of notes by the depositor or its affiliates or by the unknown aggregate initial principal amount of the notes.” (5) Plus accrued interest, if any, from the closing date.","(1) The aggregate initial principal amount of the offered notes will be $526,510,000 if the Base Transaction is issued or $624,000,000 if the Upsize Transaction is issued. The sponsor will make the determination regarding the aggregate initial principal amount of the notes based on, among other considerations, market conditions at the time of pricing. See “Risk Factors—The issuing entity has issued multiple classes of notes, and your notes may be more sensitive to losses, be affected by conflicts of interest between classes and have reduced liquidity or voting power because of an unknown retention of notes—The market value, liquidity and voting power of your notes may be adversely impacted by retention of notes by the depositor or its affiliates or by the unknown aggregate initial principal amount of the notes.” (2) The Class E notes are not being offered hereby and are anticipated to be either privately placed or retained by the depositor or another affiliate of BAC. The Class E notes will be entitled to certain payments as described herein. (3) All or a portion of one or more of the classes of notes offered hereby may be initially retained by the depositor or an affiliate thereof. (4) If the Upsize Transaction is issued, the following notes will be issued: $96,000,000 of Class A-1 notes, $128,000,000 of Class A-2 notes, $112,000,000 of Class A-3 notes, $64,000,000 of Class B notes, $100,000,000 of Class C notes, $124,000,000 of Class D notes and $56,000,000 of Class E notes. The sponsor will make the determination regarding the aggregate initial principal amount of the notes based on, among other considerations, market conditions at the time of pricing. See “Risk Factors—The issuing entity has issued multiple classes of notes, and your notes may be more sensitive to losses, be affected by conflicts of interest between classes and have reduced liquidity or voting power because of an unknown retention of notes—The market value, liquidity and voting power of your notes may be adversely impacted by retention of notes by the depositor or its affiliates or by the unknown aggregate initial principal amount of the notes.” (5) Plus accrued interest, if any, from the closing date.","(1) The aggregate initial principal amount of the offered notes will be $526,510,000 if the Base Transaction is issued or $624,000,000 if the Upsize Transaction is issued. The sponsor will make the determination regarding the aggregate initial principal amount of the notes based on, among other considerations, market conditions at the time of pricing. See “Risk Factors—The issuing entity has issued multiple classes of notes, and your notes may be more sensitive to losses, be affected by conflicts of interest between classes and have reduced liquidity or voting power because of an unknown retention of notes—The market value, liquidity and voting power of your notes may be adversely impacted by retention of notes by the depositor or its affiliates or by the unknown aggregate initial principal amount of the notes.” (2) The Class E notes are not being offered hereby and are anticipated to be either privately placed or retained by the depositor or another affiliate of BAC. The Class E notes will be entitled to certain payments as described herein. (3) All or a portion of one or more of the classes of notes offered hereby may be initially retained by the depositor or an affiliate thereof. (4) If the Upsize Transaction is issued, the following notes will be issued: $96,000,000 of Class A-1 notes, $128,000,000 of Class A-2 notes, $112,000,000 of Class A-3 notes, $64,000,000 of Class B notes, $100,000,000 of Class C notes, $124,000,000 of Class D notes and $56,000,000 of Class E notes. The sponsor will make the determination regarding the aggregate initial principal amount of the notes based on, among other considerations, market conditions at the time of pricing. See “Risk Factors—The issuing entity has issued multiple classes of notes, and your notes may be more sensitive to losses, be affected by conflicts of interest between classes and have reduced liquidity or voting power because of an unknown retention of notes—The market value, liquidity and voting power of your notes may be adversely impacted by retention of notes by the depositor or its affiliates or by the unknown aggregate initial principal amount of the notes.” (5) Plus accrued interest, if any, from the closing date.","(1) The aggregate initial principal amount of the offered notes will be $526,510,000 if the Base Transaction is issued or $624,000,000 if the Upsize Transaction is issued. The sponsor will make the determination regarding the aggregate initial principal amount of the notes based on, among other considerations, market conditions at the time of pricing. See “Risk Factors—The issuing entity has issued multiple classes of notes, and your notes may be more sensitive to losses, be affected by conflicts of interest between classes and have reduced liquidity or voting power because of an unknown retention of notes—The market value, liquidity and voting power of your notes may be adversely impacted by retention of notes by the depositor or its affiliates or by the unknown aggregate initial principal amount of the notes.” (2) The Class E notes are not being offered hereby and are anticipated to be either privately placed or retained by the depositor or another affiliate of BAC. The Class E notes will be entitled to certain payments as described herein. (3) All or a portion of one or more of the classes of notes offered hereby may be initially retained by the depositor or an affiliate thereof. (4) If the Upsize Transaction is issued, the following notes will be issued: $96,000,000 of Class A-1 notes, $128,000,000 of Class A-2 notes, $112,000,000 of Class A-3 notes, $64,000,000 of Class B notes, $100,000,000 of Class C notes, $124,000,000 of Class D notes and $56,000,000 of Class E notes. The sponsor will make the determination regarding the aggregate initial principal amount of the notes based on, among other considerations, market conditions at the time of pricing. See “Risk Factors—The issuing entity has issued multiple classes of notes, and your notes may be more sensitive to losses, be affected by conflicts of interest between classes and have reduced liquidity or voting power because of an unknown retention of notes—The market value, liquidity and voting power of your notes may be adversely impacted by retention of notes by the depositor or its affiliates or by the unknown aggregate initial principal amount of the notes.” (5) Plus accrued interest, if any, from the closing date.","(1) The aggregate initial principal amount of the offered notes will be $526,510,000 if the Base Transaction is issued or $624,000,000 if the Upsize Transaction is issued. The sponsor will make the determination regarding the aggregate initial principal amount of the notes based on, among other considerations, market conditions at the time of pricing. See “Risk Factors—The issuing entity has issued multiple classes of notes, and your notes may be more sensitive to losses, be affected by conflicts of interest between classes and have reduced liquidity or voting power because of an unknown retention of notes—The market value, liquidity and voting power of your notes may be adversely impacted by retention of notes by the depositor or its affiliates or by the unknown aggregate initial principal amount of the notes.” (2) The Class E notes are not being offered hereby and are anticipated to be either privately placed or retained by the depositor or another affiliate of BAC. The Class E notes will be entitled to certain payments as described herein. (3) All or a portion of one or more of the classes of notes offered hereby may be initially retained by the depositor or an affiliate thereof. (4) If the Upsize Transaction is issued, the following notes will be issued: $96,000,000 of Class A-1 notes, $128,000,000 of Class A-2 notes, $112,000,000 of Class A-3 notes, $64,000,000 of Class B notes, $100,000,000 of Class C notes, $124,000,000 of Class D notes and $56,000,000 of Class E notes. The sponsor will make the determination regarding the aggregate initial principal amount of the notes based on, among other considerations, market conditions at the time of pricing. See “Risk Factors—The issuing entity has issued multiple classes of notes, and your notes may be more sensitive to losses, be affected by conflicts of interest between classes and have reduced liquidity or voting power because of an unknown retention of notes—The market value, liquidity and voting power of your notes may be adversely impacted by retention of notes by the depositor or its affiliates or by the unknown aggregate initial principal amount of the notes.” (5) Plus accrued interest, if any, from the closing date.","(1) The aggregate initial principal amount of the offered notes will be $526,510,000 if the Base Transaction is issued or $624,000,000 if the Upsize Transaction is issued. The sponsor will make the determination regarding the aggregate initial principal amount of the notes based on, among other considerations, market conditions at the time of pricing. See “Risk Factors—The issuing entity has issued multiple classes of notes, and your notes may be more sensitive to losses, be affected by conflicts of interest between classes and have reduced liquidity or voting power because of an unknown retention of notes—The market value, liquidity and voting power of your notes may be adversely impacted by retention of notes by the depositor or its affiliates or by the unknown aggregate initial principal amount of the notes.” (2) The Class E notes are not being offered hereby and are anticipated to be either privately placed or retained by the depositor or another affiliate of BAC. The Class E notes will be entitled to certain payments as described herein. (3) All or a portion of one or more of the classes of notes offered hereby may be initially retained by the depositor or an affiliate thereof. (4) If the Upsize Transaction is issued, the following notes will be issued: $96,000,000 of Class A-1 notes, $128,000,000 of Class A-2 notes, $112,000,000 of Class A-3 notes, $64,000,000 of Class B notes, $100,000,000 of Class C notes, $124,000,000 of Class D notes and $56,000,000 of Class E notes. The sponsor will make the determination regarding the aggregate initial principal amount of the notes based on, among other considerations, market conditions at the time of pricing. See “Risk Factors—The issuing entity has issued multiple classes of notes, and your notes may be more sensitive to losses, be affected by conflicts of interest between classes and have reduced liquidity or voting power because of an unknown retention of notes—The market value, liquidity and voting power of your notes may be adversely impacted by retention of notes by the depositor or its affiliates or by the unknown aggregate initial principal amount of the notes.” (5) Plus accrued interest, if any, from the closing date.","(1) The aggregate initial principal amount of the offered notes will be $526,510,000 if the Base Transaction is issued or $624,000,000 if the Upsize Transaction is issued. The sponsor will make the determination regarding the aggregate initial principal amount of the notes based on, among other considerations, market conditions at the time of pricing. See “Risk Factors—The issuing entity has issued multiple classes of notes, and your notes may be more sensitive to losses, be affected by conflicts of interest between classes and have reduced liquidity or voting power because of an unknown retention of notes—The market value, liquidity and voting power of your notes may be adversely impacted by retention of notes by the depositor or its affiliates or by the unknown aggregate initial principal amount of the notes.” (2) The Class E notes are not being offered hereby and are anticipated to be either privately placed or retained by the depositor or another affiliate of BAC. The Class E notes will be entitled to certain payments as described herein. (3) All or a portion of one or more of the classes of notes offered hereby may be initially retained by the depositor or an affiliate thereof. (4) If the Upsize Transaction is issued, the following notes will be issued: $96,000,000 of Class A-1 notes, $128,000,000 of Class A-2 notes, $112,000,000 of Class A-3 notes, $64,000,000 of Class B notes, $100,000,000 of Class C notes, $124,000,000 of Class D notes and $56,000,000 of Class E notes. The sponsor will make the determination regarding the aggregate initial principal amount of the notes based on, among other considerations, market conditions at the time of pricing. See “Risk Factors—The issuing entity has issued multiple classes of notes, and your notes may be more sensitive to losses, be affected by conflicts of interest between classes and have reduced liquidity or voting power because of an unknown retention of notes—The market value, liquidity and voting power of your notes may be adversely impacted by retention of notes by the depositor or its affiliates or by the unknown aggregate initial principal amount of the notes.” (5) Plus accrued interest, if any, from the closing date.","(1) The aggregate initial principal amount of the offered notes will be $526,510,000 if the Base Transaction is issued or $624,000,000 if the Upsize Transaction is issued. The sponsor will make the determination regarding the aggregate initial principal amount of the notes based on, among other considerations, market conditions at the time of pricing. See “Risk Factors—The issuing entity has issued multiple classes of notes, and your notes may be more sensitive to losses, be affected by conflicts of interest between classes and have reduced liquidity or voting power because of an unknown retention of notes—The market value, liquidity and voting power of your notes may be adversely impacted by retention of notes by the depositor or its affiliates or by the unknown aggregate initial principal amount of the notes.” (2) The Class E notes are not being offered hereby and are anticipated to be either privately placed or retained by the depositor or another affiliate of BAC. The Class E notes will be entitled to certain payments as described herein. (3) All or a portion of one or more of the classes of notes offered hereby may be initially retained by the depositor or an affiliate thereof. (4) If the Upsize Transaction is issued, the following notes will be issued: $96,000,000 of Class A-1 notes, $128,000,000 of Class A-2 notes, $112,000,000 of Class A-3 notes, $64,000,000 of Class B notes, $100,000,000 of Class C notes, $124,000,000 of Class D notes and $56,000,000 of Class E notes. The sponsor will make the determination regarding the aggregate initial principal amount of the notes based on, among other considerations, market conditions at the time of pricing. See “Risk Factors—The issuing entity has issued multiple classes of notes, and your notes may be more sensitive to losses, be affected by conflicts of interest between classes and have reduced liquidity or voting power because of an unknown retention of notes—The market value, liquidity and voting power of your notes may be adversely impacted by retention of notes by the depositor or its affiliates or by the unknown aggregate initial principal amount of the notes.” (5) Plus accrued interest, if any, from the closing date.",
,,,,"(1) The aggregate initial principal amount of the offered notes will be $526,510,000 if the Base Transaction is issued or $624,000,000 if the Upsize Transaction is issued. The sponsor will make the determination regarding the aggregate initial principal amount of the notes based on, among other considerations, market conditions at the time of pricing. See “Risk Factors—The issuing entity has issued multiple classes of notes, and your notes may be more sensitive to losses, be affected by conflicts of interest between classes and have reduced liquidity or voting power because of an unknown retention of notes—The market value, liquidity and voting power of your notes may be adversely impacted by retention of notes by the depositor or its affiliates or by the unknown aggregate initial principal amount of the notes.” (2) The Class E notes are not being offered hereby and are anticipated to be either privately placed or retained by the depositor or another affiliate of BAC. The Class E notes will be entitled to certain payments as described herein. (3) All or a portion of one or more of the classes of notes offered hereby may be initially retained by the depositor or an affiliate thereof. (4) If the Upsize Transaction is issued, the following notes will be issued: $96,000,000 of Class A-1 notes, $128,000,000 of Class A-2 notes, $112,000,000 of Class A-3 notes, $64,000,000 of Class B notes, $100,000,000 of Class C notes, $124,000,000 of Class D notes and $56,000,000 of Class E notes. The sponsor will make the determination regarding the aggregate initial principal amount of the notes based on, among other considerations, market conditions at the time of pricing. See “Risk Factors—The issuing entity has issued multiple classes of notes, and your notes may be more sensitive to losses, be affected by conflicts of interest between classes and have reduced liquidity or voting power because of an unknown retention of notes—The market value, liquidity and voting power of your notes may be adversely impacted by retention of notes by the depositor or its affiliates or by the unknown aggregate initial principal amount of the notes.” (5) Plus accrued interest, if any, from the closing date.","(1) The aggregate initial principal amount of the offered notes will be $526,510,000 if the Base Transaction is issued or $624,000,000 if the Upsize Transaction is issued. The sponsor will make the determination regarding the aggregate initial principal amount of the notes based on, among other considerations, market conditions at the time of pricing. See “Risk Factors—The issuing entity has issued multiple classes of notes, and your notes may be more sensitive to losses, be affected by conflicts of interest between classes and have reduced liquidity or voting power because of an unknown retention of notes—The market value, liquidity and voting power of your notes may be adversely impacted by retention of notes by the depositor or its affiliates or by the unknown aggregate initial principal amount of the notes.” (2) The Class E notes are not being offered hereby and are anticipated to be either privately placed or retained by the depositor or another affiliate of BAC. The Class E notes will be entitled to certain payments as described herein. (3) All or a portion of one or more of the classes of notes offered hereby may be initially retained by the depositor or an affiliate thereof. (4) If the Upsize Transaction is issued, the following notes will be issued: $96,000,000 of Class A-1 notes, $128,000,000 of Class A-2 notes, $112,000,000 of Class A-3 notes, $64,000,000 of Class B notes, $100,000,000 of Class C notes, $124,000,000 of Class D notes and $56,000,000 of Class E notes. The sponsor will make the determination regarding the aggregate initial principal amount of the notes based on, among other considerations, market conditions at the time of pricing. See “Risk Factors—The issuing entity has issued multiple classes of notes, and your notes may be more sensitive to losses, be affected by conflicts of interest between classes and have reduced liquidity or voting power because of an unknown retention of notes—The market value, liquidity and voting power of your notes may be adversely impacted by retention of notes by the depositor or its affiliates or by the unknown aggregate initial principal amount of the notes.” (5) Plus accrued interest, if any, from the closing date.","(1) The aggregate initial principal amount of the offered notes will be $526,510,000 if the Base Transaction is issued or $624,000,000 if the Upsize Transaction is issued. The sponsor will make the determination regarding the aggregate initial principal amount of the notes based on, among other considerations, market conditions at the time of pricing. See “Risk Factors—The issuing entity has issued multiple classes of notes, and your notes may be more sensitive to losses, be affected by conflicts of interest between classes and have reduced liquidity or voting power because of an unknown retention of notes—The market value, liquidity and voting power of your notes may be adversely impacted by retention of notes by the depositor or its affiliates or by the unknown aggregate initial principal amount of the notes.” (2) The Class E notes are not being offered hereby and are anticipated to be either privately placed or retained by the depositor or another affiliate of BAC. The Class E notes will be entitled to certain payments as described herein. (3) All or a portion of one or more of the classes of notes offered hereby may be initially retained by the depositor or an affiliate thereof. (4) If the Upsize Transaction is issued, the following notes will be issued: $96,000,000 of Class A-1 notes, $128,000,000 of Class A-2 notes, $112,000,000 of Class A-3 notes, $64,000,000 of Class B notes, $100,000,000 of Class C notes, $124,000,000 of Class D notes and $56,000,000 of Class E notes. The sponsor will make the determination regarding the aggregate initial principal amount of the notes based on, among other considerations, market conditions at the time of pricing. See “Risk Factors—The issuing entity has issued multiple classes of notes, and your notes may be more sensitive to losses, be affected by conflicts of interest between classes and have reduced liquidity or voting power because of an unknown retention of notes—The market value, liquidity and voting power of your notes may be adversely impacted by retention of notes by the depositor or its affiliates or by the unknown aggregate initial principal amount of the notes.” (5) Plus accrued interest, if any, from the closing date.","(1) The aggregate initial principal amount of the offered notes will be $526,510,000 if the Base Transaction is issued or $624,000,000 if the Upsize Transaction is issued. The sponsor will make the determination regarding the aggregate initial principal amount of the notes based on, among other considerations, market conditions at the time of pricing. See “Risk Factors—The issuing entity has issued multiple classes of notes, and your notes may be more sensitive to losses, be affected by conflicts of interest between classes and have reduced liquidity or voting power because of an unknown retention of notes—The market value, liquidity and voting power of your notes may be adversely impacted by retention of notes by the depositor or its affiliates or by the unknown aggregate initial principal amount of the notes.” (2) The Class E notes are not being offered hereby and are anticipated to be either privately placed or retained by the depositor or another affiliate of BAC. The Class E notes will be entitled to certain payments as described herein. (3) All or a portion of one or more of the classes of notes offered hereby may be initially retained by the depositor or an affiliate thereof. (4) If the Upsize Transaction is issued, the following notes will be issued: $96,000,000 of Class A-1 notes, $128,000,000 of Class A-2 notes, $112,000,000 of Class A-3 notes, $64,000,000 of Class B notes, $100,000,000 of Class C notes, $124,000,000 of Class D notes and $56,000,000 of Class E notes. The sponsor will make the determination regarding the aggregate initial principal amount of the notes based on, among other considerations, market conditions at the time of pricing. See “Risk Factors—The issuing entity has issued multiple classes of notes, and your notes may be more sensitive to losses, be affected by conflicts of interest between classes and have reduced liquidity or voting power because of an unknown retention of notes—The market value, liquidity and voting power of your notes may be adversely impacted by retention of notes by the depositor or its affiliates or by the unknown aggregate initial principal amount of the notes.” (5) Plus accrued interest, if any, from the closing date.","(1) The aggregate initial principal amount of the offered notes will be $526,510,000 if the Base Transaction is issued or $624,000,000 if the Upsize Transaction is issued. The sponsor will make the determination regarding the aggregate initial principal amount of the notes based on, among other considerations, market conditions at the time of pricing. See “Risk Factors—The issuing entity has issued multiple classes of notes, and your notes may be more sensitive to losses, be affected by conflicts of interest between classes and have reduced liquidity or voting power because of an unknown retention of notes—The market value, liquidity and voting power of your notes may be adversely impacted by retention of notes by the depositor or its affiliates or by the unknown aggregate initial principal amount of the notes.” (2) The Class E notes are not being offered hereby and are anticipated to be either privately placed or retained by the depositor or another affiliate of BAC. The Class E notes will be entitled to certain payments as described herein. (3) All or a portion of one or more of the classes of notes offered hereby may be initially retained by the depositor or an affiliate thereof. (4) If the Upsize Transaction is issued, the following notes will be issued: $96,000,000 of Class A-1 notes, $128,000,000 of Class A-2 notes, $112,000,000 of Class A-3 notes, $64,000,000 of Class B notes, $100,000,000 of Class C notes, $124,000,000 of Class D notes and $56,000,000 of Class E notes. The sponsor will make the determination regarding the aggregate initial principal amount of the notes based on, among other considerations, market conditions at the time of pricing. See “Risk Factors—The issuing entity has issued multiple classes of notes, and your notes may be more sensitive to losses, be affected by conflicts of interest between classes and have reduced liquidity or voting power because of an unknown retention of notes—The market value, liquidity and voting power of your notes may be adversely impacted by retention of notes by the depositor or its affiliates or by the unknown aggregate initial principal amount of the notes.” (5) Plus accrued interest, if any, from the closing date.","(1) The aggregate initial principal amount of the offered notes will be $526,510,000 if the Base Transaction is issued or $624,000,000 if the Upsize Transaction is issued. The sponsor will make the determination regarding the aggregate initial principal amount of the notes based on, among other considerations, market conditions at the time of pricing. See “Risk Factors—The issuing entity has issued multiple classes of notes, and your notes may be more sensitive to losses, be affected by conflicts of interest between classes and have reduced liquidity or voting power because of an unknown retention of notes—The market value, liquidity and voting power of your notes may be adversely impacted by retention of notes by the depositor or its affiliates or by the unknown aggregate initial principal amount of the notes.” (2) The Class E notes are not being offered hereby and are anticipated to be either privately placed or retained by the depositor or another affiliate of BAC. The Class E notes will be entitled to certain payments as described herein. (3) All or a portion of one or more of the classes of notes offered hereby may be initially retained by the depositor or an affiliate thereof. (4) If the Upsize Transaction is issued, the following notes will be issued: $96,000,000 of Class A-1 notes, $128,000,000 of Class A-2 notes, $112,000,000 of Class A-3 notes, $64,000,000 of Class B notes, $100,000,000 of Class C notes, $124,000,000 of Class D notes and $56,000,000 of Class E notes. The sponsor will make the determination regarding the aggregate initial principal amount of the notes based on, among other considerations, market conditions at the time of pricing. See “Risk Factors—The issuing entity has issued multiple classes of notes, and your notes may be more sensitive to losses, be affected by conflicts of interest between classes and have reduced liquidity or voting power because of an unknown retention of notes—The market value, liquidity and voting power of your notes may be adversely impacted by retention of notes by the depositor or its affiliates or by the unknown aggregate initial principal amount of the notes.” (5) Plus accrued interest, if any, from the closing date.","(1) The aggregate initial principal amount of the offered notes will be $526,510,000 if the Base Transaction is issued or $624,000,000 if the Upsize Transaction is issued. The sponsor will make the determination regarding the aggregate initial principal amount of the notes based on, among other considerations, market conditions at the time of pricing. See “Risk Factors—The issuing entity has issued multiple classes of notes, and your notes may be more sensitive to losses, be affected by conflicts of interest between classes and have reduced liquidity or voting power because of an unknown retention of notes—The market value, liquidity and voting power of your notes may be adversely impacted by retention of notes by the depositor or its affiliates or by the unknown aggregate initial principal amount of the notes.” (2) The Class E notes are not being offered hereby and are anticipated to be either privately placed or retained by the depositor or another affiliate of BAC. The Class E notes will be entitled to certain payments as described herein. (3) All or a portion of one or more of the classes of notes offered hereby may be initially retained by the depositor or an affiliate thereof. (4) If the Upsize Transaction is issued, the following notes will be issued: $96,000,000 of Class A-1 notes, $128,000,000 of Class A-2 notes, $112,000,000 of Class A-3 notes, $64,000,000 of Class B notes, $100,000,000 of Class C notes, $124,000,000 of Class D notes and $56,000,000 of Class E notes. The sponsor will make the determination regarding the aggregate initial principal amount of the notes based on, among other considerations, market conditions at the time of pricing. See “Risk Factors—The issuing entity has issued multiple classes of notes, and your notes may be more sensitive to losses, be affected by conflicts of interest between classes and have reduced liquidity or voting power because of an unknown retention of notes—The market value, liquidity and voting power of your notes may be adversely impacted by retention of notes by the depositor or its affiliates or by the unknown aggregate initial principal amount of the notes.” (5) Plus accrued interest, if any, from the closing date.","(1) The aggregate initial principal amount of the offered notes will be $526,510,000 if the Base Transaction is issued or $624,000,000 if the Upsize Transaction is issued. The sponsor will make the determination regarding the aggregate initial principal amount of the notes based on, among other considerations, market conditions at the time of pricing. See “Risk Factors—The issuing entity has issued multiple classes of notes, and your notes may be more sensitive to losses, be affected by conflicts of interest between classes and have reduced liquidity or voting power because of an unknown retention of notes—The market value, liquidity and voting power of your notes may be adversely impacted by retention of notes by the depositor or its affiliates or by the unknown aggregate initial principal amount of the notes.” (2) The Class E notes are not being offered hereby and are anticipated to be either privately placed or retained by the depositor or another affiliate of BAC. The Class E notes will be entitled to certain payments as described herein. (3) All or a portion of one or more of the classes of notes offered hereby may be initially retained by the depositor or an affiliate thereof. (4) If the Upsize Transaction is issued, the following notes will be issued: $96,000,000 of Class A-1 notes, $128,000,000 of Class A-2 notes, $112,000,000 of Class A-3 notes, $64,000,000 of Class B notes, $100,000,000 of Class C notes, $124,000,000 of Class D notes and $56,000,000 of Class E notes. The sponsor will make the determination regarding the aggregate initial principal amount of the notes based on, among other considerations, market conditions at the time of pricing. See “Risk Factors—The issuing entity has issued multiple classes of notes, and your notes may be more sensitive to losses, be affected by conflicts of interest between classes and have reduced liquidity or voting power because of an unknown retention of notes—The market value, liquidity and voting power of your notes may be adversely impacted by retention of notes by the depositor or its affiliates or by the unknown aggregate initial principal amount of the notes.” (5) Plus accrued interest, if any, from the closing date.","(1) The aggregate initial principal amount of the offered notes will be $526,510,000 if the Base Transaction is issued or $624,000,000 if the Upsize Transaction is issued. The sponsor will make the determination regarding the aggregate initial principal amount of the notes based on, among other considerations, market conditions at the time of pricing. See “Risk Factors—The issuing entity has issued multiple classes of notes, and your notes may be more sensitive to losses, be affected by conflicts of interest between classes and have reduced liquidity or voting power because of an unknown retention of notes—The market value, liquidity and voting power of your notes may be adversely impacted by retention of notes by the depositor or its affiliates or by the unknown aggregate initial principal amount of the notes.” (2) The Class E notes are not being offered hereby and are anticipated to be either privately placed or retained by the depositor or another affiliate of BAC. The Class E notes will be entitled to certain payments as described herein. (3) All or a portion of one or more of the classes of notes offered hereby may be initially retained by the depositor or an affiliate thereof. (4) If the Upsize Transaction is issued, the following notes will be issued: $96,000,000 of Class A-1 notes, $128,000,000 of Class A-2 notes, $112,000,000 of Class A-3 notes, $64,000,000 of Class B notes, $100,000,000 of Class C notes, $124,000,000 of Class D notes and $56,000,000 of Class E notes. The sponsor will make the determination regarding the aggregate initial principal amount of the notes based on, among other considerations, market conditions at the time of pricing. See “Risk Factors—The issuing entity has issued multiple classes of notes, and your notes may be more sensitive to losses, be affected by conflicts of interest between classes and have reduced liquidity or voting power because of an unknown retention of notes—The market value, liquidity and voting power of your notes may be adversely impacted by retention of notes by the depositor or its affiliates or by the unknown aggregate initial principal amount of the notes.” (5) Plus accrued interest, if any, from the closing date.","(1) The aggregate initial principal amount of the offered notes will be $526,510,000 if the Base Transaction is issued or $624,000,000 if the Upsize Transaction is issued. The sponsor will make the determination regarding the aggregate initial principal amount of the notes based on, among other considerations, market conditions at the time of pricing. See “Risk Factors—The issuing entity has issued multiple classes of notes, and your notes may be more sensitive to losses, be affected by conflicts of interest between classes and have reduced liquidity or voting power because of an unknown retention of notes—The market value, liquidity and voting power of your notes may be adversely impacted by retention of notes by the depositor or its affiliates or by the unknown aggregate initial principal amount of the notes.” (2) The Class E notes are not being offered hereby and are anticipated to be either privately placed or retained by the depositor or another affiliate of BAC. The Class E notes will be entitled to certain payments as described herein. (3) All or a portion of one or more of the classes of notes offered hereby may be initially retained by the depositor or an affiliate thereof. (4) If the Upsize Transaction is issued, the following notes will be issued: $96,000,000 of Class A-1 notes, $128,000,000 of Class A-2 notes, $112,000,000 of Class A-3 notes, $64,000,000 of Class B notes, $100,000,000 of Class C notes, $124,000,000 of Class D notes and $56,000,000 of Class E notes. The sponsor will make the determination regarding the aggregate initial principal amount of the notes based on, among other considerations, market conditions at the time of pricing. See “Risk Factors—The issuing entity has issued multiple classes of notes, and your notes may be more sensitive to losses, be affected by conflicts of interest between classes and have reduced liquidity or voting power because of an unknown retention of notes—The market value, liquidity and voting power of your notes may be adversely impacted by retention of notes by the depositor or its affiliates or by the unknown aggregate initial principal amount of the notes.” (5) Plus accrued interest, if any, from the closing date.","(1) The aggregate initial principal amount of the offered notes will be $526,510,000 if the Base Transaction is issued or $624,000,000 if the Upsize Transaction is issued. The sponsor will make the determination regarding the aggregate initial principal amount of the notes based on, among other considerations, market conditions at the time of pricing. See “Risk Factors—The issuing entity has issued multiple classes of notes, and your notes may be more sensitive to losses, be affected by conflicts of interest between classes and have reduced liquidity or voting power because of an unknown retention of notes—The market value, liquidity and voting power of your notes may be adversely impacted by retention of notes by the depositor or its affiliates or by the unknown aggregate initial principal amount of the notes.” (2) The Class E notes are not being offered hereby and are anticipated to be either privately placed or retained by the depositor or another affiliate of BAC. The Class E notes will be entitled to certain payments as described herein. (3) All or a portion of one or more of the classes of notes offered hereby may be initially retained by the depositor or an affiliate thereof. (4) If the Upsize Transaction is issued, the following notes will be issued: $96,000,000 of Class A-1 notes, $128,000,000 of Class A-2 notes, $112,000,000 of Class A-3 notes, $64,000,000 of Class B notes, $100,000,000 of Class C notes, $124,000,000 of Class D notes and $56,000,000 of Class E notes. The sponsor will make the determination regarding the aggregate initial principal amount of the notes based on, among other considerations, market conditions at the time of pricing. See “Risk Factors—The issuing entity has issued multiple classes of notes, and your notes may be more sensitive to losses, be affected by conflicts of interest between classes and have reduced liquidity or voting power because of an unknown retention of notes—The market value, liquidity and voting power of your notes may be adversely impacted by retention of notes by the depositor or its affiliates or by the unknown aggregate initial principal amount of the notes.” (5) Plus accrued interest, if any, from the closing date.","(1) The aggregate initial principal amount of the offered notes will be $526,510,000 if the Base Transaction is issued or $624,000,000 if the Upsize Transaction is issued. The sponsor will make the determination regarding the aggregate initial principal amount of the notes based on, among other considerations, market conditions at the time of pricing. See “Risk Factors—The issuing entity has issued multiple classes of notes, and your notes may be more sensitive to losses, be affected by conflicts of interest between classes and have reduced liquidity or voting power because of an unknown retention of notes—The market value, liquidity and voting power of your notes may be adversely impacted by retention of notes by the depositor or its affiliates or by the unknown aggregate initial principal amount of the notes.” (2) The Class E notes are not being offered hereby and are anticipated to be either privately placed or retained by the depositor or another affiliate of BAC. The Class E notes will be entitled to certain payments as described herein. (3) All or a portion of one or more of the classes of notes offered hereby may be initially retained by the depositor or an affiliate thereof. (4) If the Upsize Transaction is issued, the following notes will be issued: $96,000,000 of Class A-1 notes, $128,000,000 of Class A-2 notes, $112,000,000 of Class A-3 notes, $64,000,000 of Class B notes, $100,000,000 of Class C notes, $124,000,000 of Class D notes and $56,000,000 of Class E notes. The sponsor will make the determination regarding the aggregate initial principal amount of the notes based on, among other considerations, market conditions at the time of pricing. See “Risk Factors—The issuing entity has issued multiple classes of notes, and your notes may be more sensitive to losses, be affected by conflicts of interest between classes and have reduced liquidity or voting power because of an unknown retention of notes—The market value, liquidity and voting power of your notes may be adversely impacted by retention of notes by the depositor or its affiliates or by the unknown aggregate initial principal amount of the notes.” (5) Plus accrued interest, if any, from the closing date.",
,,,,"(1) The aggregate initial principal amount of the offered notes will be $526,510,000 if the Base Transaction is issued or $624,000,000 if the Upsize Transaction is issued. The sponsor will make the determination regarding the aggregate initial principal amount of the notes based on, among other considerations, market conditions at the time of pricing. See “Risk Factors—The issuing entity has issued multiple classes of notes, and your notes may be more sensitive to losses, be affected by conflicts of interest between classes and have reduced liquidity or voting power because of an unknown retention of notes—The market value, liquidity and voting power of your notes may be adversely impacted by retention of notes by the depositor or its affiliates or by the unknown aggregate initial principal amount of the notes.” (2) The Class E notes are not being offered hereby and are anticipated to be either privately placed or retained by the depositor or another affiliate of BAC. The Class E notes will be entitled to certain payments as described herein. (3) All or a portion of one or more of the classes of notes offered hereby may be initially retained by the depositor or an affiliate thereof. (4) If the Upsize Transaction is issued, the following notes will be issued: $96,000,000 of Class A-1 notes, $128,000,000 of Class A-2 notes, $112,000,000 of Class A-3 notes, $64,000,000 of Class B notes, $100,000,000 of Class C notes, $124,000,000 of Class D notes and $56,000,000 of Class E notes. The sponsor will make the determination regarding the aggregate initial principal amount of the notes based on, among other considerations, market conditions at the time of pricing. See “Risk Factors—The issuing entity has issued multiple classes of notes, and your notes may be more sensitive to losses, be affected by conflicts of interest between classes and have reduced liquidity or voting power because of an unknown retention of notes—The market value, liquidity and voting power of your notes may be adversely impacted by retention of notes by the depositor or its affiliates or by the unknown aggregate initial principal amount of the notes.” (5) Plus accrued interest, if any, from the closing date.","(1) The aggregate initial principal amount of the offered notes will be $526,510,000 if the Base Transaction is issued or $624,000,000 if the Upsize Transaction is issued. The sponsor will make the determination regarding the aggregate initial principal amount of the notes based on, among other considerations, market conditions at the time of pricing. See “Risk Factors—The issuing entity has issued multiple classes of notes, and your notes may be more sensitive to losses, be affected by conflicts of interest between classes and have reduced liquidity or voting power because of an unknown retention of notes—The market value, liquidity and voting power of your notes may be adversely impacted by retention of notes by the depositor or its affiliates or by the unknown aggregate initial principal amount of the notes.” (2) The Class E notes are not being offered hereby and are anticipated to be either privately placed or retained by the depositor or another affiliate of BAC. The Class E notes will be entitled to certain payments as described herein. (3) All or a portion of one or more of the classes of notes offered hereby may be initially retained by the depositor or an affiliate thereof. (4) If the Upsize Transaction is issued, the following notes will be issued: $96,000,000 of Class A-1 notes, $128,000,000 of Class A-2 notes, $112,000,000 of Class A-3 notes, $64,000,000 of Class B notes, $100,000,000 of Class C notes, $124,000,000 of Class D notes and $56,000,000 of Class E notes. The sponsor will make the determination regarding the aggregate initial principal amount of the notes based on, among other considerations, market conditions at the time of pricing. See “Risk Factors—The issuing entity has issued multiple classes of notes, and your notes may be more sensitive to losses, be affected by conflicts of interest between classes and have reduced liquidity or voting power because of an unknown retention of notes—The market value, liquidity and voting power of your notes may be adversely impacted by retention of notes by the depositor or its affiliates or by the unknown aggregate initial principal amount of the notes.” (5) Plus accrued interest, if any, from the closing date.","(1) The aggregate initial principal amount of the offered notes will be $526,510,000 if the Base Transaction is issued or $624,000,000 if the Upsize Transaction is issued. The sponsor will make the determination regarding the aggregate initial principal amount of the notes based on, among other considerations, market conditions at the time of pricing. See “Risk Factors—The issuing entity has issued multiple classes of notes, and your notes may be more sensitive to losses, be affected by conflicts of interest between classes and have reduced liquidity or voting power because of an unknown retention of notes—The market value, liquidity and voting power of your notes may be adversely impacted by retention of notes by the depositor or its affiliates or by the unknown aggregate initial principal amount of the notes.” (2) The Class E notes are not being offered hereby and are anticipated to be either privately placed or retained by the depositor or another affiliate of BAC. The Class E notes will be entitled to certain payments as described herein. (3) All or a portion of one or more of the classes of notes offered hereby may be initially retained by the depositor or an affiliate thereof. (4) If the Upsize Transaction is issued, the following notes will be issued: $96,000,000 of Class A-1 notes, $128,000,000 of Class A-2 notes, $112,000,000 of Class A-3 notes, $64,000,000 of Class B notes, $100,000,000 of Class C notes, $124,000,000 of Class D notes and $56,000,000 of Class E notes. The sponsor will make the determination regarding the aggregate initial principal amount of the notes based on, among other considerations, market conditions at the time of pricing. See “Risk Factors—The issuing entity has issued multiple classes of notes, and your notes may be more sensitive to losses, be affected by conflicts of interest between classes and have reduced liquidity or voting power because of an unknown retention of notes—The market value, liquidity and voting power of your notes may be adversely impacted by retention of notes by the depositor or its affiliates or by the unknown aggregate initial principal amount of the notes.” (5) Plus accrued interest, if any, from the closing date.","(1) The aggregate initial principal amount of the offered notes will be $526,510,000 if the Base Transaction is issued or $624,000,000 if the Upsize Transaction is issued. The sponsor will make the determination regarding the aggregate initial principal amount of the notes based on, among other considerations, market conditions at the time of pricing. See “Risk Factors—The issuing entity has issued multiple classes of notes, and your notes may be more sensitive to losses, be affected by conflicts of interest between classes and have reduced liquidity or voting power because of an unknown retention of notes—The market value, liquidity and voting power of your notes may be adversely impacted by retention of notes by the depositor or its affiliates or by the unknown aggregate initial principal amount of the notes.” (2) The Class E notes are not being offered hereby and are anticipated to be either privately placed or retained by the depositor or another affiliate of BAC. The Class E notes will be entitled to certain payments as described herein. (3) All or a portion of one or more of the classes of notes offered hereby may be initially retained by the depositor or an affiliate thereof. (4) If the Upsize Transaction is issued, the following notes will be issued: $96,000,000 of Class A-1 notes, $128,000,000 of Class A-2 notes, $112,000,000 of Class A-3 notes, $64,000,000 of Class B notes, $100,000,000 of Class C notes, $124,000,000 of Class D notes and $56,000,000 of Class E notes. The sponsor will make the determination regarding the aggregate initial principal amount of the notes based on, among other considerations, market conditions at the time of pricing. See “Risk Factors—The issuing entity has issued multiple classes of notes, and your notes may be more sensitive to losses, be affected by conflicts of interest between classes and have reduced liquidity or voting power because of an unknown retention of notes—The market value, liquidity and voting power of your notes may be adversely impacted by retention of notes by the depositor or its affiliates or by the unknown aggregate initial principal amount of the notes.” (5) Plus accrued interest, if any, from the closing date.","(1) The aggregate initial principal amount of the offered notes will be $526,510,000 if the Base Transaction is issued or $624,000,000 if the Upsize Transaction is issued. The sponsor will make the determination regarding the aggregate initial principal amount of the notes based on, among other considerations, market conditions at the time of pricing. See “Risk Factors—The issuing entity has issued multiple classes of notes, and your notes may be more sensitive to losses, be affected by conflicts of interest between classes and have reduced liquidity or voting power because of an unknown retention of notes—The market value, liquidity and voting power of your notes may be adversely impacted by retention of notes by the depositor or its affiliates or by the unknown aggregate initial principal amount of the notes.” (2) The Class E notes are not being offered hereby and are anticipated to be either privately placed or retained by the depositor or another affiliate of BAC. The Class E notes will be entitled to certain payments as described herein. (3) All or a portion of one or more of the classes of notes offered hereby may be initially retained by the depositor or an affiliate thereof. (4) If the Upsize Transaction is issued, the following notes will be issued: $96,000,000 of Class A-1 notes, $128,000,000 of Class A-2 notes, $112,000,000 of Class A-3 notes, $64,000,000 of Class B notes, $100,000,000 of Class C notes, $124,000,000 of Class D notes and $56,000,000 of Class E notes. The sponsor will make the determination regarding the aggregate initial principal amount of the notes based on, among other considerations, market conditions at the time of pricing. See “Risk Factors—The issuing entity has issued multiple classes of notes, and your notes may be more sensitive to losses, be affected by conflicts of interest between classes and have reduced liquidity or voting power because of an unknown retention of notes—The market value, liquidity and voting power of your notes may be adversely impacted by retention of notes by the depositor or its affiliates or by the unknown aggregate initial principal amount of the notes.” (5) Plus accrued interest, if any, from the closing date.","(1) The aggregate initial principal amount of the offered notes will be $526,510,000 if the Base Transaction is issued or $624,000,000 if the Upsize Transaction is issued. The sponsor will make the determination regarding the aggregate initial principal amount of the notes based on, among other considerations, market conditions at the time of pricing. See “Risk Factors—The issuing entity has issued multiple classes of notes, and your notes may be more sensitive to losses, be affected by conflicts of interest between classes and have reduced liquidity or voting power because of an unknown retention of notes—The market value, liquidity and voting power of your notes may be adversely impacted by retention of notes by the depositor or its affiliates or by the unknown aggregate initial principal amount of the notes.” (2) The Class E notes are not being offered hereby and are anticipated to be either privately placed or retained by the depositor or another affiliate of BAC. The Class E notes will be entitled to certain payments as described herein. (3) All or a portion of one or more of the classes of notes offered hereby may be initially retained by the depositor or an affiliate thereof. (4) If the Upsize Transaction is issued, the following notes will be issued: $96,000,000 of Class A-1 notes, $128,000,000 of Class A-2 notes, $112,000,000 of Class A-3 notes, $64,000,000 of Class B notes, $100,000,000 of Class C notes, $124,000,000 of Class D notes and $56,000,000 of Class E notes. The sponsor will make the determination regarding the aggregate initial principal amount of the notes based on, among other considerations, market conditions at the time of pricing. See “Risk Factors—The issuing entity has issued multiple classes of notes, and your notes may be more sensitive to losses, be affected by conflicts of interest between classes and have reduced liquidity or voting power because of an unknown retention of notes—The market value, liquidity and voting power of your notes may be adversely impacted by retention of notes by the depositor or its affiliates or by the unknown aggregate initial principal amount of the notes.” (5) Plus accrued interest, if any, from the closing date.","(1) The aggregate initial principal amount of the offered notes will be $526,510,000 if the Base Transaction is issued or $624,000,000 if the Upsize Transaction is issued. The sponsor will make the determination regarding the aggregate initial principal amount of the notes based on, among other considerations, market conditions at the time of pricing. See “Risk Factors—The issuing entity has issued multiple classes of notes, and your notes may be more sensitive to losses, be affected by conflicts of interest between classes and have reduced liquidity or voting power because of an unknown retention of notes—The market value, liquidity and voting power of your notes may be adversely impacted by retention of notes by the depositor or its affiliates or by the unknown aggregate initial principal amount of the notes.” (2) The Class E notes are not being offered hereby and are anticipated to be either privately placed or retained by the depositor or another affiliate of BAC. The Class E notes will be entitled to certain payments as described herein. (3) All or a portion of one or more of the classes of notes offered hereby may be initially retained by the depositor or an affiliate thereof. (4) If the Upsize Transaction is issued, the following notes will be issued: $96,000,000 of Class A-1 notes, $128,000,000 of Class A-2 notes, $112,000,000 of Class A-3 notes, $64,000,000 of Class B notes, $100,000,000 of Class C notes, $124,000,000 of Class D notes and $56,000,000 of Class E notes. The sponsor will make the determination regarding the aggregate initial principal amount of the notes based on, among other considerations, market conditions at the time of pricing. See “Risk Factors—The issuing entity has issued multiple classes of notes, and your notes may be more sensitive to losses, be affected by conflicts of interest between classes and have reduced liquidity or voting power because of an unknown retention of notes—The market value, liquidity and voting power of your notes may be adversely impacted by retention of notes by the depositor or its affiliates or by the unknown aggregate initial principal amount of the notes.” (5) Plus accrued interest, if any, from the closing date.","(1) The aggregate initial principal amount of the offered notes will be $526,510,000 if the Base Transaction is issued or $624,000,000 if the Upsize Transaction is issued. The sponsor will make the determination regarding the aggregate initial principal amount of the notes based on, among other considerations, market conditions at the time of pricing. See “Risk Factors—The issuing entity has issued multiple classes of notes, and your notes may be more sensitive to losses, be affected by conflicts of interest between classes and have reduced liquidity or voting power because of an unknown retention of notes—The market value, liquidity and voting power of your notes may be adversely impacted by retention of notes by the depositor or its affiliates or by the unknown aggregate initial principal amount of the notes.” (2) The Class E notes are not being offered hereby and are anticipated to be either privately placed or retained by the depositor or another affiliate of BAC. The Class E notes will be entitled to certain payments as described herein. (3) All or a portion of one or more of the classes of notes offered hereby may be initially retained by the depositor or an affiliate thereof. (4) If the Upsize Transaction is issued, the following notes will be issued: $96,000,000 of Class A-1 notes, $128,000,000 of Class A-2 notes, $112,000,000 of Class A-3 notes, $64,000,000 of Class B notes, $100,000,000 of Class C notes, $124,000,000 of Class D notes and $56,000,000 of Class E notes. The sponsor will make the determination regarding the aggregate initial principal amount of the notes based on, among other considerations, market conditions at the time of pricing. See “Risk Factors—The issuing entity has issued multiple classes of notes, and your notes may be more sensitive to losses, be affected by conflicts of interest between classes and have reduced liquidity or voting power because of an unknown retention of notes—The market value, liquidity and voting power of your notes may be adversely impacted by retention of notes by the depositor or its affiliates or by the unknown aggregate initial principal amount of the notes.” (5) Plus accrued interest, if any, from the closing date.","(1) The aggregate initial principal amount of the offered notes will be $526,510,000 if the Base Transaction is issued or $624,000,000 if the Upsize Transaction is issued. The sponsor will make the determination regarding the aggregate initial principal amount of the notes based on, among other considerations, market conditions at the time of pricing. See “Risk Factors—The issuing entity has issued multiple classes of notes, and your notes may be more sensitive to losses, be affected by conflicts of interest between classes and have reduced liquidity or voting power because of an unknown retention of notes—The market value, liquidity and voting power of your notes may be adversely impacted by retention of notes by the depositor or its affiliates or by the unknown aggregate initial principal amount of the notes.” (2) The Class E notes are not being offered hereby and are anticipated to be either privately placed or retained by the depositor or another affiliate of BAC. The Class E notes will be entitled to certain payments as described herein. (3) All or a portion of one or more of the classes of notes offered hereby may be initially retained by the depositor or an affiliate thereof. (4) If the Upsize Transaction is issued, the following notes will be issued: $96,000,000 of Class A-1 notes, $128,000,000 of Class A-2 notes, $112,000,000 of Class A-3 notes, $64,000,000 of Class B notes, $100,000,000 of Class C notes, $124,000,000 of Class D notes and $56,000,000 of Class E notes. The sponsor will make the determination regarding the aggregate initial principal amount of the notes based on, among other considerations, market conditions at the time of pricing. See “Risk Factors—The issuing entity has issued multiple classes of notes, and your notes may be more sensitive to losses, be affected by conflicts of interest between classes and have reduced liquidity or voting power because of an unknown retention of notes—The market value, liquidity and voting power of your notes may be adversely impacted by retention of notes by the depositor or its affiliates or by the unknown aggregate initial principal amount of the notes.” (5) Plus accrued interest, if any, from the closing date.","(1) The aggregate initial principal amount of the offered notes will be $526,510,000 if the Base Transaction is issued or $624,000,000 if the Upsize Transaction is issued. The sponsor will make the determination regarding the aggregate initial principal amount of the notes based on, among other considerations, market conditions at the time of pricing. See “Risk Factors—The issuing entity has issued multiple classes of notes, and your notes may be more sensitive to losses, be affected by conflicts of interest between classes and have reduced liquidity or voting power because of an unknown retention of notes—The market value, liquidity and voting power of your notes may be adversely impacted by retention of notes by the depositor or its affiliates or by the unknown aggregate initial principal amount of the notes.” (2) The Class E notes are not being offered hereby and are anticipated to be either privately placed or retained by the depositor or another affiliate of BAC. The Class E notes will be entitled to certain payments as described herein. (3) All or a portion of one or more of the classes of notes offered hereby may be initially retained by the depositor or an affiliate thereof. (4) If the Upsize Transaction is issued, the following notes will be issued: $96,000,000 of Class A-1 notes, $128,000,000 of Class A-2 notes, $112,000,000 of Class A-3 notes, $64,000,000 of Class B notes, $100,000,000 of Class C notes, $124,000,000 of Class D notes and $56,000,000 of Class E notes. The sponsor will make the determination regarding the aggregate initial principal amount of the notes based on, among other considerations, market conditions at the time of pricing. See “Risk Factors—The issuing entity has issued multiple classes of notes, and your notes may be more sensitive to losses, be affected by conflicts of interest between classes and have reduced liquidity or voting power because of an unknown retention of notes—The market value, liquidity and voting power of your notes may be adversely impacted by retention of notes by the depositor or its affiliates or by the unknown aggregate initial principal amount of the notes.” (5) Plus accrued interest, if any, from the closing date.","(1) The aggregate initial principal amount of the offered notes will be $526,510,000 if the Base Transaction is issued or $624,000,000 if the Upsize Transaction is issued. The sponsor will make the determination regarding the aggregate initial principal amount of the notes based on, among other considerations, market conditions at the time of pricing. See “Risk Factors—The issuing entity has issued multiple classes of notes, and your notes may be more sensitive to losses, be affected by conflicts of interest between classes and have reduced liquidity or voting power because of an unknown retention of notes—The market value, liquidity and voting power of your notes may be adversely impacted by retention of notes by the depositor or its affiliates or by the unknown aggregate initial principal amount of the notes.” (2) The Class E notes are not being offered hereby and are anticipated to be either privately placed or retained by the depositor or another affiliate of BAC. The Class E notes will be entitled to certain payments as described herein. (3) All or a portion of one or more of the classes of notes offered hereby may be initially retained by the depositor or an affiliate thereof. (4) If the Upsize Transaction is issued, the following notes will be issued: $96,000,000 of Class A-1 notes, $128,000,000 of Class A-2 notes, $112,000,000 of Class A-3 notes, $64,000,000 of Class B notes, $100,000,000 of Class C notes, $124,000,000 of Class D notes and $56,000,000 of Class E notes. The sponsor will make the determination regarding the aggregate initial principal amount of the notes based on, among other considerations, market conditions at the time of pricing. See “Risk Factors—The issuing entity has issued multiple classes of notes, and your notes may be more sensitive to losses, be affected by conflicts of interest between classes and have reduced liquidity or voting power because of an unknown retention of notes—The market value, liquidity and voting power of your notes may be adversely impacted by retention of notes by the depositor or its affiliates or by the unknown aggregate initial principal amount of the notes.” (5) Plus accrued interest, if any, from the closing date.","(1) The aggregate initial principal amount of the offered notes will be $526,510,000 if the Base Transaction is issued or $624,000,000 if the Upsize Transaction is issued. The sponsor will make the determination regarding the aggregate initial principal amount of the notes based on, among other considerations, market conditions at the time of pricing. See “Risk Factors—The issuing entity has issued multiple classes of notes, and your notes may be more sensitive to losses, be affected by conflicts of interest between classes and have reduced liquidity or voting power because of an unknown retention of notes—The market value, liquidity and voting power of your notes may be adversely impacted by retention of notes by the depositor or its affiliates or by the unknown aggregate initial principal amount of the notes.” (2) The Class E notes are not being offered hereby and are anticipated to be either privately placed or retained by the depositor or another affiliate of BAC. The Class E notes will be entitled to certain payments as described herein. (3) All or a portion of one or more of the classes of notes offered hereby may be initially retained by the depositor or an affiliate thereof. (4) If the Upsize Transaction is issued, the following notes will be issued: $96,000,000 of Class A-1 notes, $128,000,000 of Class A-2 notes, $112,000,000 of Class A-3 notes, $64,000,000 of Class B notes, $100,000,000 of Class C notes, $124,000,000 of Class D notes and $56,000,000 of Class E notes. The sponsor will make the determination regarding the aggregate initial principal amount of the notes based on, among other considerations, market conditions at the time of pricing. See “Risk Factors—The issuing entity has issued multiple classes of notes, and your notes may be more sensitive to losses, be affected by conflicts of interest between classes and have reduced liquidity or voting power because of an unknown retention of notes—The market value, liquidity and voting power of your notes may be adversely impacted by retention of notes by the depositor or its affiliates or by the unknown aggregate initial principal amount of the notes.” (5) Plus accrued interest, if any, from the closing date.",
,,,,"(1) The aggregate initial principal amount of the offered notes will be $526,510,000 if the Base Transaction is issued or $624,000,000 if the Upsize Transaction is issued. The sponsor will make the determination regarding the aggregate initial principal amount of the notes based on, among other considerations, market conditions at the time of pricing. See “Risk Factors—The issuing entity has issued multiple classes of notes, and your notes may be more sensitive to losses, be affected by conflicts of interest between classes and have reduced liquidity or voting power because of an unknown retention of notes—The market value, liquidity and voting power of your notes may be adversely impacted by retention of notes by the depositor or its affiliates or by the unknown aggregate initial principal amount of the notes.” (2) The Class E notes are not being offered hereby and are anticipated to be either privately placed or retained by the depositor or another affiliate of BAC. The Class E notes will be entitled to certain payments as described herein. (3) All or a portion of one or more of the classes of notes offered hereby may be initially retained by the depositor or an affiliate thereof. (4) If the Upsize Transaction is issued, the following notes will be issued: $96,000,000 of Class A-1 notes, $128,000,000 of Class A-2 notes, $112,000,000 of Class A-3 notes, $64,000,000 of Class B notes, $100,000,000 of Class C notes, $124,000,000 of Class D notes and $56,000,000 of Class E notes. The sponsor will make the determination regarding the aggregate initial principal amount of the notes based on, among other considerations, market conditions at the time of pricing. See “Risk Factors—The issuing entity has issued multiple classes of notes, and your notes may be more sensitive to losses, be affected by conflicts of interest between classes and have reduced liquidity or voting power because of an unknown retention of notes—The market value, liquidity and voting power of your notes may be adversely impacted by retention of notes by the depositor or its affiliates or by the unknown aggregate initial principal amount of the notes.” (5) Plus accrued interest, if any, from the closing date.","(1) The aggregate initial principal amount of the offered notes will be $526,510,000 if the Base Transaction is issued or $624,000,000 if the Upsize Transaction is issued. The sponsor will make the determination regarding the aggregate initial principal amount of the notes based on, among other considerations, market conditions at the time of pricing. See “Risk Factors—The issuing entity has issued multiple classes of notes, and your notes may be more sensitive to losses, be affected by conflicts of interest between classes and have reduced liquidity or voting power because of an unknown retention of notes—The market value, liquidity and voting power of your notes may be adversely impacted by retention of notes by the depositor or its affiliates or by the unknown aggregate initial principal amount of the notes.” (2) The Class E notes are not being offered hereby and are anticipated to be either privately placed or retained by the depositor or another affiliate of BAC. The Class E notes will be entitled to certain payments as described herein. (3) All or a portion of one or more of the classes of notes offered hereby may be initially retained by the depositor or an affiliate thereof. (4) If the Upsize Transaction is issued, the following notes will be issued: $96,000,000 of Class A-1 notes, $128,000,000 of Class A-2 notes, $112,000,000 of Class A-3 notes, $64,000,000 of Class B notes, $100,000,000 of Class C notes, $124,000,000 of Class D notes and $56,000,000 of Class E notes. The sponsor will make the determination regarding the aggregate initial principal amount of the notes based on, among other considerations, market conditions at the time of pricing. See “Risk Factors—The issuing entity has issued multiple classes of notes, and your notes may be more sensitive to losses, be affected by conflicts of interest between classes and have reduced liquidity or voting power because of an unknown retention of notes—The market value, liquidity and voting power of your notes may be adversely impacted by retention of notes by the depositor or its affiliates or by the unknown aggregate initial principal amount of the notes.” (5) Plus accrued interest, if any, from the closing date.","(1) The aggregate initial principal amount of the offered notes will be $526,510,000 if the Base Transaction is issued or $624,000,000 if the Upsize Transaction is issued. The sponsor will make the determination regarding the aggregate initial principal amount of the notes based on, among other considerations, market conditions at the time of pricing. See “Risk Factors—The issuing entity has issued multiple classes of notes, and your notes may be more sensitive to losses, be affected by conflicts of interest between classes and have reduced liquidity or voting power because of an unknown retention of notes—The market value, liquidity and voting power of your notes may be adversely impacted by retention of notes by the depositor or its affiliates or by the unknown aggregate initial principal amount of the notes.” (2) The Class E notes are not being offered hereby and are anticipated to be either privately placed or retained by the depositor or another affiliate of BAC. The Class E notes will be entitled to certain payments as described herein. (3) All or a portion of one or more of the classes of notes offered hereby may be initially retained by the depositor or an affiliate thereof. (4) If the Upsize Transaction is issued, the following notes will be issued: $96,000,000 of Class A-1 notes, $128,000,000 of Class A-2 notes, $112,000,000 of Class A-3 notes, $64,000,000 of Class B notes, $100,000,000 of Class C notes, $124,000,000 of Class D notes and $56,000,000 of Class E notes. The sponsor will make the determination regarding the aggregate initial principal amount of the notes based on, among other considerations, market conditions at the time of pricing. See “Risk Factors—The issuing entity has issued multiple classes of notes, and your notes may be more sensitive to losses, be affected by conflicts of interest between classes and have reduced liquidity or voting power because of an unknown retention of notes—The market value, liquidity and voting power of your notes may be adversely impacted by retention of notes by the depositor or its affiliates or by the unknown aggregate initial principal amount of the notes.” (5) Plus accrued interest, if any, from the closing date.","(1) The aggregate initial principal amount of the offered notes will be $526,510,000 if the Base Transaction is issued or $624,000,000 if the Upsize Transaction is issued. The sponsor will make the determination regarding the aggregate initial principal amount of the notes based on, among other considerations, market conditions at the time of pricing. See “Risk Factors—The issuing entity has issued multiple classes of notes, and your notes may be more sensitive to losses, be affected by conflicts of interest between classes and have reduced liquidity or voting power because of an unknown retention of notes—The market value, liquidity and voting power of your notes may be adversely impacted by retention of notes by the depositor or its affiliates or by the unknown aggregate initial principal amount of the notes.” (2) The Class E notes are not being offered hereby and are anticipated to be either privately placed or retained by the depositor or another affiliate of BAC. The Class E notes will be entitled to certain payments as described herein. (3) All or a portion of one or more of the classes of notes offered hereby may be initially retained by the depositor or an affiliate thereof. (4) If the Upsize Transaction is issued, the following notes will be issued: $96,000,000 of Class A-1 notes, $128,000,000 of Class A-2 notes, $112,000,000 of Class A-3 notes, $64,000,000 of Class B notes, $100,000,000 of Class C notes, $124,000,000 of Class D notes and $56,000,000 of Class E notes. The sponsor will make the determination regarding the aggregate initial principal amount of the notes based on, among other considerations, market conditions at the time of pricing. See “Risk Factors—The issuing entity has issued multiple classes of notes, and your notes may be more sensitive to losses, be affected by conflicts of interest between classes and have reduced liquidity or voting power because of an unknown retention of notes—The market value, liquidity and voting power of your notes may be adversely impacted by retention of notes by the depositor or its affiliates or by the unknown aggregate initial principal amount of the notes.” (5) Plus accrued interest, if any, from the closing date.","(1) The aggregate initial principal amount of the offered notes will be $526,510,000 if the Base Transaction is issued or $624,000,000 if the Upsize Transaction is issued. The sponsor will make the determination regarding the aggregate initial principal amount of the notes based on, among other considerations, market conditions at the time of pricing. See “Risk Factors—The issuing entity has issued multiple classes of notes, and your notes may be more sensitive to losses, be affected by conflicts of interest between classes and have reduced liquidity or voting power because of an unknown retention of notes—The market value, liquidity and voting power of your notes may be adversely impacted by retention of notes by the depositor or its affiliates or by the unknown aggregate initial principal amount of the notes.” (2) The Class E notes are not being offered hereby and are anticipated to be either privately placed or retained by the depositor or another affiliate of BAC. The Class E notes will be entitled to certain payments as described herein. (3) All or a portion of one or more of the classes of notes offered hereby may be initially retained by the depositor or an affiliate thereof. (4) If the Upsize Transaction is issued, the following notes will be issued: $96,000,000 of Class A-1 notes, $128,000,000 of Class A-2 notes, $112,000,000 of Class A-3 notes, $64,000,000 of Class B notes, $100,000,000 of Class C notes, $124,000,000 of Class D notes and $56,000,000 of Class E notes. The sponsor will make the determination regarding the aggregate initial principal amount of the notes based on, among other considerations, market conditions at the time of pricing. See “Risk Factors—The issuing entity has issued multiple classes of notes, and your notes may be more sensitive to losses, be affected by conflicts of interest between classes and have reduced liquidity or voting power because of an unknown retention of notes—The market value, liquidity and voting power of your notes may be adversely impacted by retention of notes by the depositor or its affiliates or by the unknown aggregate initial principal amount of the notes.” (5) Plus accrued interest, if any, from the closing date.","(1) The aggregate initial principal amount of the offered notes will be $526,510,000 if the Base Transaction is issued or $624,000,000 if the Upsize Transaction is issued. The sponsor will make the determination regarding the aggregate initial principal amount of the notes based on, among other considerations, market conditions at the time of pricing. See “Risk Factors—The issuing entity has issued multiple classes of notes, and your notes may be more sensitive to losses, be affected by conflicts of interest between classes and have reduced liquidity or voting power because of an unknown retention of notes—The market value, liquidity and voting power of your notes may be adversely impacted by retention of notes by the depositor or its affiliates or by the unknown aggregate initial principal amount of the notes.” (2) The Class E notes are not being offered hereby and are anticipated to be either privately placed or retained by the depositor or another affiliate of BAC. The Class E notes will be entitled to certain payments as described herein. (3) All or a portion of one or more of the classes of notes offered hereby may be initially retained by the depositor or an affiliate thereof. (4) If the Upsize Transaction is issued, the following notes will be issued: $96,000,000 of Class A-1 notes, $128,000,000 of Class A-2 notes, $112,000,000 of Class A-3 notes, $64,000,000 of Class B notes, $100,000,000 of Class C notes, $124,000,000 of Class D notes and $56,000,000 of Class E notes. The sponsor will make the determination regarding the aggregate initial principal amount of the notes based on, among other considerations, market conditions at the time of pricing. See “Risk Factors—The issuing entity has issued multiple classes of notes, and your notes may be more sensitive to losses, be affected by conflicts of interest between classes and have reduced liquidity or voting power because of an unknown retention of notes—The market value, liquidity and voting power of your notes may be adversely impacted by retention of notes by the depositor or its affiliates or by the unknown aggregate initial principal amount of the notes.” (5) Plus accrued interest, if any, from the closing date.","(1) The aggregate initial principal amount of the offered notes will be $526,510,000 if the Base Transaction is issued or $624,000,000 if the Upsize Transaction is issued. The sponsor will make the determination regarding the aggregate initial principal amount of the notes based on, among other considerations, market conditions at the time of pricing. See “Risk Factors—The issuing entity has issued multiple classes of notes, and your notes may be more sensitive to losses, be affected by conflicts of interest between classes and have reduced liquidity or voting power because of an unknown retention of notes—The market value, liquidity and voting power of your notes may be adversely impacted by retention of notes by the depositor or its affiliates or by the unknown aggregate initial principal amount of the notes.” (2) The Class E notes are not being offered hereby and are anticipated to be either privately placed or retained by the depositor or another affiliate of BAC. The Class E notes will be entitled to certain payments as described herein. (3) All or a portion of one or more of the classes of notes offered hereby may be initially retained by the depositor or an affiliate thereof. (4) If the Upsize Transaction is issued, the following notes will be issued: $96,000,000 of Class A-1 notes, $128,000,000 of Class A-2 notes, $112,000,000 of Class A-3 notes, $64,000,000 of Class B notes, $100,000,000 of Class C notes, $124,000,000 of Class D notes and $56,000,000 of Class E notes. The sponsor will make the determination regarding the aggregate initial principal amount of the notes based on, among other considerations, market conditions at the time of pricing. See “Risk Factors—The issuing entity has issued multiple classes of notes, and your notes may be more sensitive to losses, be affected by conflicts of interest between classes and have reduced liquidity or voting power because of an unknown retention of notes—The market value, liquidity and voting power of your notes may be adversely impacted by retention of notes by the depositor or its affiliates or by the unknown aggregate initial principal amount of the notes.” (5) Plus accrued interest, if any, from the closing date.","(1) The aggregate initial principal amount of the offered notes will be $526,510,000 if the Base Transaction is issued or $624,000,000 if the Upsize Transaction is issued. The sponsor will make the determination regarding the aggregate initial principal amount of the notes based on, among other considerations, market conditions at the time of pricing. See “Risk Factors—The issuing entity has issued multiple classes of notes, and your notes may be more sensitive to losses, be affected by conflicts of interest between classes and have reduced liquidity or voting power because of an unknown retention of notes—The market value, liquidity and voting power of your notes may be adversely impacted by retention of notes by the depositor or its affiliates or by the unknown aggregate initial principal amount of the notes.” (2) The Class E notes are not being offered hereby and are anticipated to be either privately placed or retained by the depositor or another affiliate of BAC. The Class E notes will be entitled to certain payments as described herein. (3) All or a portion of one or more of the classes of notes offered hereby may be initially retained by the depositor or an affiliate thereof. (4) If the Upsize Transaction is issued, the following notes will be issued: $96,000,000 of Class A-1 notes, $128,000,000 of Class A-2 notes, $112,000,000 of Class A-3 notes, $64,000,000 of Class B notes, $100,000,000 of Class C notes, $124,000,000 of Class D notes and $56,000,000 of Class E notes. The sponsor will make the determination regarding the aggregate initial principal amount of the notes based on, among other considerations, market conditions at the time of pricing. See “Risk Factors—The issuing entity has issued multiple classes of notes, and your notes may be more sensitive to losses, be affected by conflicts of interest between classes and have reduced liquidity or voting power because of an unknown retention of notes—The market value, liquidity and voting power of your notes may be adversely impacted by retention of notes by the depositor or its affiliates or by the unknown aggregate initial principal amount of the notes.” (5) Plus accrued interest, if any, from the closing date.","(1) The aggregate initial principal amount of the offered notes will be $526,510,000 if the Base Transaction is issued or $624,000,000 if the Upsize Transaction is issued. The sponsor will make the determination regarding the aggregate initial principal amount of the notes based on, among other considerations, market conditions at the time of pricing. See “Risk Factors—The issuing entity has issued multiple classes of notes, and your notes may be more sensitive to losses, be affected by conflicts of interest between classes and have reduced liquidity or voting power because of an unknown retention of notes—The market value, liquidity and voting power of your notes may be adversely impacted by retention of notes by the depositor or its affiliates or by the unknown aggregate initial principal amount of the notes.” (2) The Class E notes are not being offered hereby and are anticipated to be either privately placed or retained by the depositor or another affiliate of BAC. The Class E notes will be entitled to certain payments as described herein. (3) All or a portion of one or more of the classes of notes offered hereby may be initially retained by the depositor or an affiliate thereof. (4) If the Upsize Transaction is issued, the following notes will be issued: $96,000,000 of Class A-1 notes, $128,000,000 of Class A-2 notes, $112,000,000 of Class A-3 notes, $64,000,000 of Class B notes, $100,000,000 of Class C notes, $124,000,000 of Class D notes and $56,000,000 of Class E notes. The sponsor will make the determination regarding the aggregate initial principal amount of the notes based on, among other considerations, market conditions at the time of pricing. See “Risk Factors—The issuing entity has issued multiple classes of notes, and your notes may be more sensitive to losses, be affected by conflicts of interest between classes and have reduced liquidity or voting power because of an unknown retention of notes—The market value, liquidity and voting power of your notes may be adversely impacted by retention of notes by the depositor or its affiliates or by the unknown aggregate initial principal amount of the notes.” (5) Plus accrued interest, if any, from the closing date.","(1) The aggregate initial principal amount of the offered notes will be $526,510,000 if the Base Transaction is issued or $624,000,000 if the Upsize Transaction is issued. The sponsor will make the determination regarding the aggregate initial principal amount of the notes based on, among other considerations, market conditions at the time of pricing. See “Risk Factors—The issuing entity has issued multiple classes of notes, and your notes may be more sensitive to losses, be affected by conflicts of interest between classes and have reduced liquidity or voting power because of an unknown retention of notes—The market value, liquidity and voting power of your notes may be adversely impacted by retention of notes by the depositor or its affiliates or by the unknown aggregate initial principal amount of the notes.” (2) The Class E notes are not being offered hereby and are anticipated to be either privately placed or retained by the depositor or another affiliate of BAC. The Class E notes will be entitled to certain payments as described herein. (3) All or a portion of one or more of the classes of notes offered hereby may be initially retained by the depositor or an affiliate thereof. (4) If the Upsize Transaction is issued, the following notes will be issued: $96,000,000 of Class A-1 notes, $128,000,000 of Class A-2 notes, $112,000,000 of Class A-3 notes, $64,000,000 of Class B notes, $100,000,000 of Class C notes, $124,000,000 of Class D notes and $56,000,000 of Class E notes. The sponsor will make the determination regarding the aggregate initial principal amount of the notes based on, among other considerations, market conditions at the time of pricing. See “Risk Factors—The issuing entity has issued multiple classes of notes, and your notes may be more sensitive to losses, be affected by conflicts of interest between classes and have reduced liquidity or voting power because of an unknown retention of notes—The market value, liquidity and voting power of your notes may be adversely impacted by retention of notes by the depositor or its affiliates or by the unknown aggregate initial principal amount of the notes.” (5) Plus accrued interest, if any, from the closing date.","(1) The aggregate initial principal amount of the offered notes will be $526,510,000 if the Base Transaction is issued or $624,000,000 if the Upsize Transaction is issued. The sponsor will make the determination regarding the aggregate initial principal amount of the notes based on, among other considerations, market conditions at the time of pricing. See “Risk Factors—The issuing entity has issued multiple classes of notes, and your notes may be more sensitive to losses, be affected by conflicts of interest between classes and have reduced liquidity or voting power because of an unknown retention of notes—The market value, liquidity and voting power of your notes may be adversely impacted by retention of notes by the depositor or its affiliates or by the unknown aggregate initial principal amount of the notes.” (2) The Class E notes are not being offered hereby and are anticipated to be either privately placed or retained by the depositor or another affiliate of BAC. The Class E notes will be entitled to certain payments as described herein. (3) All or a portion of one or more of the classes of notes offered hereby may be initially retained by the depositor or an affiliate thereof. (4) If the Upsize Transaction is issued, the following notes will be issued: $96,000,000 of Class A-1 notes, $128,000,000 of Class A-2 notes, $112,000,000 of Class A-3 notes, $64,000,000 of Class B notes, $100,000,000 of Class C notes, $124,000,000 of Class D notes and $56,000,000 of Class E notes. The sponsor will make the determination regarding the aggregate initial principal amount of the notes based on, among other considerations, market conditions at the time of pricing. See “Risk Factors—The issuing entity has issued multiple classes of notes, and your notes may be more sensitive to losses, be affected by conflicts of interest between classes and have reduced liquidity or voting power because of an unknown retention of notes—The market value, liquidity and voting power of your notes may be adversely impacted by retention of notes by the depositor or its affiliates or by the unknown aggregate initial principal amount of the notes.” (5) Plus accrued interest, if any, from the closing date.","(1) The aggregate initial principal amount of the offered notes will be $526,510,000 if the Base Transaction is issued or $624,000,000 if the Upsize Transaction is issued. The sponsor will make the determination regarding the aggregate initial principal amount of the notes based on, among other considerations, market conditions at the time of pricing. See “Risk Factors—The issuing entity has issued multiple classes of notes, and your notes may be more sensitive to losses, be affected by conflicts of interest between classes and have reduced liquidity or voting power because of an unknown retention of notes—The market value, liquidity and voting power of your notes may be adversely impacted by retention of notes by the depositor or its affiliates or by the unknown aggregate initial principal amount of the notes.” (2) The Class E notes are not being offered hereby and are anticipated to be either privately placed or retained by the depositor or another affiliate of BAC. The Class E notes will be entitled to certain payments as described herein. (3) All or a portion of one or more of the classes of notes offered hereby may be initially retained by the depositor or an affiliate thereof. (4) If the Upsize Transaction is issued, the following notes will be issued: $96,000,000 of Class A-1 notes, $128,000,000 of Class A-2 notes, $112,000,000 of Class A-3 notes, $64,000,000 of Class B notes, $100,000,000 of Class C notes, $124,000,000 of Class D notes and $56,000,000 of Class E notes. The sponsor will make the determination regarding the aggregate initial principal amount of the notes based on, among other considerations, market conditions at the time of pricing. See “Risk Factors—The issuing entity has issued multiple classes of notes, and your notes may be more sensitive to losses, be affected by conflicts of interest between classes and have reduced liquidity or voting power because of an unknown retention of notes—The market value, liquidity and voting power of your notes may be adversely impacted by retention of notes by the depositor or its affiliates or by the unknown aggregate initial principal amount of the notes.” (5) Plus accrued interest, if any, from the closing date.",
,,,,"(1) The aggregate initial principal amount of the offered notes will be $526,510,000 if the Base Transaction is issued or $624,000,000 if the Upsize Transaction is issued. The sponsor will make the determination regarding the aggregate initial principal amount of the notes based on, among other considerations, market conditions at the time of pricing. See “Risk Factors—The issuing entity has issued multiple classes of notes, and your notes may be more sensitive to losses, be affected by conflicts of interest between classes and have reduced liquidity or voting power because of an unknown retention of notes—The market value, liquidity and voting power of your notes may be adversely impacted by retention of notes by the depositor or its affiliates or by the unknown aggregate initial principal amount of the notes.” (2) The Class E notes are not being offered hereby and are anticipated to be either privately placed or retained by the depositor or another affiliate of BAC. The Class E notes will be entitled to certain payments as described herein. (3) All or a portion of one or more of the classes of notes offered hereby may be initially retained by the depositor or an affiliate thereof. (4) If the Upsize Transaction is issued, the following notes will be issued: $96,000,000 of Class A-1 notes, $128,000,000 of Class A-2 notes, $112,000,000 of Class A-3 notes, $64,000,000 of Class B notes, $100,000,000 of Class C notes, $124,000,000 of Class D notes and $56,000,000 of Class E notes. The sponsor will make the determination regarding the aggregate initial principal amount of the notes based on, among other considerations, market conditions at the time of pricing. See “Risk Factors—The issuing entity has issued multiple classes of notes, and your notes may be more sensitive to losses, be affected by conflicts of interest between classes and have reduced liquidity or voting power because of an unknown retention of notes—The market value, liquidity and voting power of your notes may be adversely impacted by retention of notes by the depositor or its affiliates or by the unknown aggregate initial principal amount of the notes.” (5) Plus accrued interest, if any, from the closing date.","(1) The aggregate initial principal amount of the offered notes will be $526,510,000 if the Base Transaction is issued or $624,000,000 if the Upsize Transaction is issued. The sponsor will make the determination regarding the aggregate initial principal amount of the notes based on, among other considerations, market conditions at the time of pricing. See “Risk Factors—The issuing entity has issued multiple classes of notes, and your notes may be more sensitive to losses, be affected by conflicts of interest between classes and have reduced liquidity or voting power because of an unknown retention of notes—The market value, liquidity and voting power of your notes may be adversely impacted by retention of notes by the depositor or its affiliates or by the unknown aggregate initial principal amount of the notes.” (2) The Class E notes are not being offered hereby and are anticipated to be either privately placed or retained by the depositor or another affiliate of BAC. The Class E notes will be entitled to certain payments as described herein. (3) All or a portion of one or more of the classes of notes offered hereby may be initially retained by the depositor or an affiliate thereof. (4) If the Upsize Transaction is issued, the following notes will be issued: $96,000,000 of Class A-1 notes, $128,000,000 of Class A-2 notes, $112,000,000 of Class A-3 notes, $64,000,000 of Class B notes, $100,000,000 of Class C notes, $124,000,000 of Class D notes and $56,000,000 of Class E notes. The sponsor will make the determination regarding the aggregate initial principal amount of the notes based on, among other considerations, market conditions at the time of pricing. See “Risk Factors—The issuing entity has issued multiple classes of notes, and your notes may be more sensitive to losses, be affected by conflicts of interest between classes and have reduced liquidity or voting power because of an unknown retention of notes—The market value, liquidity and voting power of your notes may be adversely impacted by retention of notes by the depositor or its affiliates or by the unknown aggregate initial principal amount of the notes.” (5) Plus accrued interest, if any, from the closing date.","(1) The aggregate initial principal amount of the offered notes will be $526,510,000 if the Base Transaction is issued or $624,000,000 if the Upsize Transaction is issued. The sponsor will make the determination regarding the aggregate initial principal amount of the notes based on, among other considerations, market conditions at the time of pricing. See “Risk Factors—The issuing entity has issued multiple classes of notes, and your notes may be more sensitive to losses, be affected by conflicts of interest between classes and have reduced liquidity or voting power because of an unknown retention of notes—The market value, liquidity and voting power of your notes may be adversely impacted by retention of notes by the depositor or its affiliates or by the unknown aggregate initial principal amount of the notes.” (2) The Class E notes are not being offered hereby and are anticipated to be either privately placed or retained by the depositor or another affiliate of BAC. The Class E notes will be entitled to certain payments as described herein. (3) All or a portion of one or more of the classes of notes offered hereby may be initially retained by the depositor or an affiliate thereof. (4) If the Upsize Transaction is issued, the following notes will be issued: $96,000,000 of Class A-1 notes, $128,000,000 of Class A-2 notes, $112,000,000 of Class A-3 notes, $64,000,000 of Class B notes, $100,000,000 of Class C notes, $124,000,000 of Class D notes and $56,000,000 of Class E notes. The sponsor will make the determination regarding the aggregate initial principal amount of the notes based on, among other considerations, market conditions at the time of pricing. See “Risk Factors—The issuing entity has issued multiple classes of notes, and your notes may be more sensitive to losses, be affected by conflicts of interest between classes and have reduced liquidity or voting power because of an unknown retention of notes—The market value, liquidity and voting power of your notes may be adversely impacted by retention of notes by the depositor or its affiliates or by the unknown aggregate initial principal amount of the notes.” (5) Plus accrued interest, if any, from the closing date.","(1) The aggregate initial principal amount of the offered notes will be $526,510,000 if the Base Transaction is issued or $624,000,000 if the Upsize Transaction is issued. The sponsor will make the determination regarding the aggregate initial principal amount of the notes based on, among other considerations, market conditions at the time of pricing. See “Risk Factors—The issuing entity has issued multiple classes of notes, and your notes may be more sensitive to losses, be affected by conflicts of interest between classes and have reduced liquidity or voting power because of an unknown retention of notes—The market value, liquidity and voting power of your notes may be adversely impacted by retention of notes by the depositor or its affiliates or by the unknown aggregate initial principal amount of the notes.” (2) The Class E notes are not being offered hereby and are anticipated to be either privately placed or retained by the depositor or another affiliate of BAC. The Class E notes will be entitled to certain payments as described herein. (3) All or a portion of one or more of the classes of notes offered hereby may be initially retained by the depositor or an affiliate thereof. (4) If the Upsize Transaction is issued, the following notes will be issued: $96,000,000 of Class A-1 notes, $128,000,000 of Class A-2 notes, $112,000,000 of Class A-3 notes, $64,000,000 of Class B notes, $100,000,000 of Class C notes, $124,000,000 of Class D notes and $56,000,000 of Class E notes. The sponsor will make the determination regarding the aggregate initial principal amount of the notes based on, among other considerations, market conditions at the time of pricing. See “Risk Factors—The issuing entity has issued multiple classes of notes, and your notes may be more sensitive to losses, be affected by conflicts of interest between classes and have reduced liquidity or voting power because of an unknown retention of notes—The market value, liquidity and voting power of your notes may be adversely impacted by retention of notes by the depositor or its affiliates or by the unknown aggregate initial principal amount of the notes.” (5) Plus accrued interest, if any, from the closing date.","(1) The aggregate initial principal amount of the offered notes will be $526,510,000 if the Base Transaction is issued or $624,000,000 if the Upsize Transaction is issued. The sponsor will make the determination regarding the aggregate initial principal amount of the notes based on, among other considerations, market conditions at the time of pricing. See “Risk Factors—The issuing entity has issued multiple classes of notes, and your notes may be more sensitive to losses, be affected by conflicts of interest between classes and have reduced liquidity or voting power because of an unknown retention of notes—The market value, liquidity and voting power of your notes may be adversely impacted by retention of notes by the depositor or its affiliates or by the unknown aggregate initial principal amount of the notes.” (2) The Class E notes are not being offered hereby and are anticipated to be either privately placed or retained by the depositor or another affiliate of BAC. The Class E notes will be entitled to certain payments as described herein. (3) All or a portion of one or more of the classes of notes offered hereby may be initially retained by the depositor or an affiliate thereof. (4) If the Upsize Transaction is issued, the following notes will be issued: $96,000,000 of Class A-1 notes, $128,000,000 of Class A-2 notes, $112,000,000 of Class A-3 notes, $64,000,000 of Class B notes, $100,000,000 of Class C notes, $124,000,000 of Class D notes and $56,000,000 of Class E notes. The sponsor will make the determination regarding the aggregate initial principal amount of the notes based on, among other considerations, market conditions at the time of pricing. See “Risk Factors—The issuing entity has issued multiple classes of notes, and your notes may be more sensitive to losses, be affected by conflicts of interest between classes and have reduced liquidity or voting power because of an unknown retention of notes—The market value, liquidity and voting power of your notes may be adversely impacted by retention of notes by the depositor or its affiliates or by the unknown aggregate initial principal amount of the notes.” (5) Plus accrued interest, if any, from the closing date.","(1) The aggregate initial principal amount of the offered notes will be $526,510,000 if the Base Transaction is issued or $624,000,000 if the Upsize Transaction is issued. The sponsor will make the determination regarding the aggregate initial principal amount of the notes based on, among other considerations, market conditions at the time of pricing. See “Risk Factors—The issuing entity has issued multiple classes of notes, and your notes may be more sensitive to losses, be affected by conflicts of interest between classes and have reduced liquidity or voting power because of an unknown retention of notes—The market value, liquidity and voting power of your notes may be adversely impacted by retention of notes by the depositor or its affiliates or by the unknown aggregate initial principal amount of the notes.” (2) The Class E notes are not being offered hereby and are anticipated to be either privately placed or retained by the depositor or another affiliate of BAC. The Class E notes will be entitled to certain payments as described herein. (3) All or a portion of one or more of the classes of notes offered hereby may be initially retained by the depositor or an affiliate thereof. (4) If the Upsize Transaction is issued, the following notes will be issued: $96,000,000 of Class A-1 notes, $128,000,000 of Class A-2 notes, $112,000,000 of Class A-3 notes, $64,000,000 of Class B notes, $100,000,000 of Class C notes, $124,000,000 of Class D notes and $56,000,000 of Class E notes. The sponsor will make the determination regarding the aggregate initial principal amount of the notes based on, among other considerations, market conditions at the time of pricing. See “Risk Factors—The issuing entity has issued multiple classes of notes, and your notes may be more sensitive to losses, be affected by conflicts of interest between classes and have reduced liquidity or voting power because of an unknown retention of notes—The market value, liquidity and voting power of your notes may be adversely impacted by retention of notes by the depositor or its affiliates or by the unknown aggregate initial principal amount of the notes.” (5) Plus accrued interest, if any, from the closing date.","(1) The aggregate initial principal amount of the offered notes will be $526,510,000 if the Base Transaction is issued or $624,000,000 if the Upsize Transaction is issued. The sponsor will make the determination regarding the aggregate initial principal amount of the notes based on, among other considerations, market conditions at the time of pricing. See “Risk Factors—The issuing entity has issued multiple classes of notes, and your notes may be more sensitive to losses, be affected by conflicts of interest between classes and have reduced liquidity or voting power because of an unknown retention of notes—The market value, liquidity and voting power of your notes may be adversely impacted by retention of notes by the depositor or its affiliates or by the unknown aggregate initial principal amount of the notes.” (2) The Class E notes are not being offered hereby and are anticipated to be either privately placed or retained by the depositor or another affiliate of BAC. The Class E notes will be entitled to certain payments as described herein. (3) All or a portion of one or more of the classes of notes offered hereby may be initially retained by the depositor or an affiliate thereof. (4) If the Upsize Transaction is issued, the following notes will be issued: $96,000,000 of Class A-1 notes, $128,000,000 of Class A-2 notes, $112,000,000 of Class A-3 notes, $64,000,000 of Class B notes, $100,000,000 of Class C notes, $124,000,000 of Class D notes and $56,000,000 of Class E notes. The sponsor will make the determination regarding the aggregate initial principal amount of the notes based on, among other considerations, market conditions at the time of pricing. See “Risk Factors—The issuing entity has issued multiple classes of notes, and your notes may be more sensitive to losses, be affected by conflicts of interest between classes and have reduced liquidity or voting power because of an unknown retention of notes—The market value, liquidity and voting power of your notes may be adversely impacted by retention of notes by the depositor or its affiliates or by the unknown aggregate initial principal amount of the notes.” (5) Plus accrued interest, if any, from the closing date.","(1) The aggregate initial principal amount of the offered notes will be $526,510,000 if the Base Transaction is issued or $624,000,000 if the Upsize Transaction is issued. The sponsor will make the determination regarding the aggregate initial principal amount of the notes based on, among other considerations, market conditions at the time of pricing. See “Risk Factors—The issuing entity has issued multiple classes of notes, and your notes may be more sensitive to losses, be affected by conflicts of interest between classes and have reduced liquidity or voting power because of an unknown retention of notes—The market value, liquidity and voting power of your notes may be adversely impacted by retention of notes by the depositor or its affiliates or by the unknown aggregate initial principal amount of the notes.” (2) The Class E notes are not being offered hereby and are anticipated to be either privately placed or retained by the depositor or another affiliate of BAC. The Class E notes will be entitled to certain payments as described herein. (3) All or a portion of one or more of the classes of notes offered hereby may be initially retained by the depositor or an affiliate thereof. (4) If the Upsize Transaction is issued, the following notes will be issued: $96,000,000 of Class A-1 notes, $128,000,000 of Class A-2 notes, $112,000,000 of Class A-3 notes, $64,000,000 of Class B notes, $100,000,000 of Class C notes, $124,000,000 of Class D notes and $56,000,000 of Class E notes. The sponsor will make the determination regarding the aggregate initial principal amount of the notes based on, among other considerations, market conditions at the time of pricing. See “Risk Factors—The issuing entity has issued multiple classes of notes, and your notes may be more sensitive to losses, be affected by conflicts of interest between classes and have reduced liquidity or voting power because of an unknown retention of notes—The market value, liquidity and voting power of your notes may be adversely impacted by retention of notes by the depositor or its affiliates or by the unknown aggregate initial principal amount of the notes.” (5) Plus accrued interest, if any, from the closing date.","(1) The aggregate initial principal amount of the offered notes will be $526,510,000 if the Base Transaction is issued or $624,000,000 if the Upsize Transaction is issued. The sponsor will make the determination regarding the aggregate initial principal amount of the notes based on, among other considerations, market conditions at the time of pricing. See “Risk Factors—The issuing entity has issued multiple classes of notes, and your notes may be more sensitive to losses, be affected by conflicts of interest between classes and have reduced liquidity or voting power because of an unknown retention of notes—The market value, liquidity and voting power of your notes may be adversely impacted by retention of notes by the depositor or its affiliates or by the unknown aggregate initial principal amount of the notes.” (2) The Class E notes are not being offered hereby and are anticipated to be either privately placed or retained by the depositor or another affiliate of BAC. The Class E notes will be entitled to certain payments as described herein. (3) All or a portion of one or more of the classes of notes offered hereby may be initially retained by the depositor or an affiliate thereof. (4) If the Upsize Transaction is issued, the following notes will be issued: $96,000,000 of Class A-1 notes, $128,000,000 of Class A-2 notes, $112,000,000 of Class A-3 notes, $64,000,000 of Class B notes, $100,000,000 of Class C notes, $124,000,000 of Class D notes and $56,000,000 of Class E notes. The sponsor will make the determination regarding the aggregate initial principal amount of the notes based on, among other considerations, market conditions at the time of pricing. See “Risk Factors—The issuing entity has issued multiple classes of notes, and your notes may be more sensitive to losses, be affected by conflicts of interest between classes and have reduced liquidity or voting power because of an unknown retention of notes—The market value, liquidity and voting power of your notes may be adversely impacted by retention of notes by the depositor or its affiliates or by the unknown aggregate initial principal amount of the notes.” (5) Plus accrued interest, if any, from the closing date.","(1) The aggregate initial principal amount of the offered notes will be $526,510,000 if the Base Transaction is issued or $624,000,000 if the Upsize Transaction is issued. The sponsor will make the determination regarding the aggregate initial principal amount of the notes based on, among other considerations, market conditions at the time of pricing. See “Risk Factors—The issuing entity has issued multiple classes of notes, and your notes may be more sensitive to losses, be affected by conflicts of interest between classes and have reduced liquidity or voting power because of an unknown retention of notes—The market value, liquidity and voting power of your notes may be adversely impacted by retention of notes by the depositor or its affiliates or by the unknown aggregate initial principal amount of the notes.” (2) The Class E notes are not being offered hereby and are anticipated to be either privately placed or retained by the depositor or another affiliate of BAC. The Class E notes will be entitled to certain payments as described herein. (3) All or a portion of one or more of the classes of notes offered hereby may be initially retained by the depositor or an affiliate thereof. (4) If the Upsize Transaction is issued, the following notes will be issued: $96,000,000 of Class A-1 notes, $128,000,000 of Class A-2 notes, $112,000,000 of Class A-3 notes, $64,000,000 of Class B notes, $100,000,000 of Class C notes, $124,000,000 of Class D notes and $56,000,000 of Class E notes. The sponsor will make the determination regarding the aggregate initial principal amount of the notes based on, among other considerations, market conditions at the time of pricing. See “Risk Factors—The issuing entity has issued multiple classes of notes, and your notes may be more sensitive to losses, be affected by conflicts of interest between classes and have reduced liquidity or voting power because of an unknown retention of notes—The market value, liquidity and voting power of your notes may be adversely impacted by retention of notes by the depositor or its affiliates or by the unknown aggregate initial principal amount of the notes.” (5) Plus accrued interest, if any, from the closing date.","(1) The aggregate initial principal amount of the offered notes will be $526,510,000 if the Base Transaction is issued or $624,000,000 if the Upsize Transaction is issued. The sponsor will make the determination regarding the aggregate initial principal amount of the notes based on, among other considerations, market conditions at the time of pricing. See “Risk Factors—The issuing entity has issued multiple classes of notes, and your notes may be more sensitive to losses, be affected by conflicts of interest between classes and have reduced liquidity or voting power because of an unknown retention of notes—The market value, liquidity and voting power of your notes may be adversely impacted by retention of notes by the depositor or its affiliates or by the unknown aggregate initial principal amount of the notes.” (2) The Class E notes are not being offered hereby and are anticipated to be either privately placed or retained by the depositor or another affiliate of BAC. The Class E notes will be entitled to certain payments as described herein. (3) All or a portion of one or more of the classes of notes offered hereby may be initially retained by the depositor or an affiliate thereof. (4) If the Upsize Transaction is issued, the following notes will be issued: $96,000,000 of Class A-1 notes, $128,000,000 of Class A-2 notes, $112,000,000 of Class A-3 notes, $64,000,000 of Class B notes, $100,000,000 of Class C notes, $124,000,000 of Class D notes and $56,000,000 of Class E notes. The sponsor will make the determination regarding the aggregate initial principal amount of the notes based on, among other considerations, market conditions at the time of pricing. See “Risk Factors—The issuing entity has issued multiple classes of notes, and your notes may be more sensitive to losses, be affected by conflicts of interest between classes and have reduced liquidity or voting power because of an unknown retention of notes—The market value, liquidity and voting power of your notes may be adversely impacted by retention of notes by the depositor or its affiliates or by the unknown aggregate initial principal amount of the notes.” (5) Plus accrued interest, if any, from the closing date.","(1) The aggregate initial principal amount of the offered notes will be $526,510,000 if the Base Transaction is issued or $624,000,000 if the Upsize Transaction is issued. The sponsor will make the determination regarding the aggregate initial principal amount of the notes based on, among other considerations, market conditions at the time of pricing. See “Risk Factors—The issuing entity has issued multiple classes of notes, and your notes may be more sensitive to losses, be affected by conflicts of interest between classes and have reduced liquidity or voting power because of an unknown retention of notes—The market value, liquidity and voting power of your notes may be adversely impacted by retention of notes by the depositor or its affiliates or by the unknown aggregate initial principal amount of the notes.” (2) The Class E notes are not being offered hereby and are anticipated to be either privately placed or retained by the depositor or another affiliate of BAC. The Class E notes will be entitled to certain payments as described herein. (3) All or a portion of one or more of the classes of notes offered hereby may be initially retained by the depositor or an affiliate thereof. (4) If the Upsize Transaction is issued, the following notes will be issued: $96,000,000 of Class A-1 notes, $128,000,000 of Class A-2 notes, $112,000,000 of Class A-3 notes, $64,000,000 of Class B notes, $100,000,000 of Class C notes, $124,000,000 of Class D notes and $56,000,000 of Class E notes. The sponsor will make the determination regarding the aggregate initial principal amount of the notes based on, among other considerations, market conditions at the time of pricing. See “Risk Factors—The issuing entity has issued multiple classes of notes, and your notes may be more sensitive to losses, be affected by conflicts of interest between classes and have reduced liquidity or voting power because of an unknown retention of notes—The market value, liquidity and voting power of your notes may be adversely impacted by retention of notes by the depositor or its affiliates or by the unknown aggregate initial principal amount of the notes.” (5) Plus accrued interest, if any, from the closing date.",
,,,,"(1) The aggregate initial principal amount of the offered notes will be $526,510,000 if the Base Transaction is issued or $624,000,000 if the Upsize Transaction is issued. The sponsor will make the determination regarding the aggregate initial principal amount of the notes based on, among other considerations, market conditions at the time of pricing. See “Risk Factors—The issuing entity has issued multiple classes of notes, and your notes may be more sensitive to losses, be affected by conflicts of interest between classes and have reduced liquidity or voting power because of an unknown retention of notes—The market value, liquidity and voting power of your notes may be adversely impacted by retention of notes by the depositor or its affiliates or by the unknown aggregate initial principal amount of the notes.” (2) The Class E notes are not being offered hereby and are anticipated to be either privately placed or retained by the depositor or another affiliate of BAC. The Class E notes will be entitled to certain payments as described herein. (3) All or a portion of one or more of the classes of notes offered hereby may be initially retained by the depositor or an affiliate thereof. (4) If the Upsize Transaction is issued, the following notes will be issued: $96,000,000 of Class A-1 notes, $128,000,000 of Class A-2 notes, $112,000,000 of Class A-3 notes, $64,000,000 of Class B notes, $100,000,000 of Class C notes, $124,000,000 of Class D notes and $56,000,000 of Class E notes. The sponsor will make the determination regarding the aggregate initial principal amount of the notes based on, among other considerations, market conditions at the time of pricing. See “Risk Factors—The issuing entity has issued multiple classes of notes, and your notes may be more sensitive to losses, be affected by conflicts of interest between classes and have reduced liquidity or voting power because of an unknown retention of notes—The market value, liquidity and voting power of your notes may be adversely impacted by retention of notes by the depositor or its affiliates or by the unknown aggregate initial principal amount of the notes.” (5) Plus accrued interest, if any, from the closing date.","(1) The aggregate initial principal amount of the offered notes will be $526,510,000 if the Base Transaction is issued or $624,000,000 if the Upsize Transaction is issued. The sponsor will make the determination regarding the aggregate initial principal amount of the notes based on, among other considerations, market conditions at the time of pricing. See “Risk Factors—The issuing entity has issued multiple classes of notes, and your notes may be more sensitive to losses, be affected by conflicts of interest between classes and have reduced liquidity or voting power because of an unknown retention of notes—The market value, liquidity and voting power of your notes may be adversely impacted by retention of notes by the depositor or its affiliates or by the unknown aggregate initial principal amount of the notes.” (2) The Class E notes are not being offered hereby and are anticipated to be either privately placed or retained by the depositor or another affiliate of BAC. The Class E notes will be entitled to certain payments as described herein. (3) All or a portion of one or more of the classes of notes offered hereby may be initially retained by the depositor or an affiliate thereof. (4) If the Upsize Transaction is issued, the following notes will be issued: $96,000,000 of Class A-1 notes, $128,000,000 of Class A-2 notes, $112,000,000 of Class A-3 notes, $64,000,000 of Class B notes, $100,000,000 of Class C notes, $124,000,000 of Class D notes and $56,000,000 of Class E notes. The sponsor will make the determination regarding the aggregate initial principal amount of the notes based on, among other considerations, market conditions at the time of pricing. See “Risk Factors—The issuing entity has issued multiple classes of notes, and your notes may be more sensitive to losses, be affected by conflicts of interest between classes and have reduced liquidity or voting power because of an unknown retention of notes—The market value, liquidity and voting power of your notes may be adversely impacted by retention of notes by the depositor or its affiliates or by the unknown aggregate initial principal amount of the notes.” (5) Plus accrued interest, if any, from the closing date.","(1) The aggregate initial principal amount of the offered notes will be $526,510,000 if the Base Transaction is issued or $624,000,000 if the Upsize Transaction is issued. The sponsor will make the determination regarding the aggregate initial principal amount of the notes based on, among other considerations, market conditions at the time of pricing. See “Risk Factors—The issuing entity has issued multiple classes of notes, and your notes may be more sensitive to losses, be affected by conflicts of interest between classes and have reduced liquidity or voting power because of an unknown retention of notes—The market value, liquidity and voting power of your notes may be adversely impacted by retention of notes by the depositor or its affiliates or by the unknown aggregate initial principal amount of the notes.” (2) The Class E notes are not being offered hereby and are anticipated to be either privately placed or retained by the depositor or another affiliate of BAC. The Class E notes will be entitled to certain payments as described herein. (3) All or a portion of one or more of the classes of notes offered hereby may be initially retained by the depositor or an affiliate thereof. (4) If the Upsize Transaction is issued, the following notes will be issued: $96,000,000 of Class A-1 notes, $128,000,000 of Class A-2 notes, $112,000,000 of Class A-3 notes, $64,000,000 of Class B notes, $100,000,000 of Class C notes, $124,000,000 of Class D notes and $56,000,000 of Class E notes. The sponsor will make the determination regarding the aggregate initial principal amount of the notes based on, among other considerations, market conditions at the time of pricing. See “Risk Factors—The issuing entity has issued multiple classes of notes, and your notes may be more sensitive to losses, be affected by conflicts of interest between classes and have reduced liquidity or voting power because of an unknown retention of notes—The market value, liquidity and voting power of your notes may be adversely impacted by retention of notes by the depositor or its affiliates or by the unknown aggregate initial principal amount of the notes.” (5) Plus accrued interest, if any, from the closing date.","(1) The aggregate initial principal amount of the offered notes will be $526,510,000 if the Base Transaction is issued or $624,000,000 if the Upsize Transaction is issued. The sponsor will make the determination regarding the aggregate initial principal amount of the notes based on, among other considerations, market conditions at the time of pricing. See “Risk Factors—The issuing entity has issued multiple classes of notes, and your notes may be more sensitive to losses, be affected by conflicts of interest between classes and have reduced liquidity or voting power because of an unknown retention of notes—The market value, liquidity and voting power of your notes may be adversely impacted by retention of notes by the depositor or its affiliates or by the unknown aggregate initial principal amount of the notes.” (2) The Class E notes are not being offered hereby and are anticipated to be either privately placed or retained by the depositor or another affiliate of BAC. The Class E notes will be entitled to certain payments as described herein. (3) All or a portion of one or more of the classes of notes offered hereby may be initially retained by the depositor or an affiliate thereof. (4) If the Upsize Transaction is issued, the following notes will be issued: $96,000,000 of Class A-1 notes, $128,000,000 of Class A-2 notes, $112,000,000 of Class A-3 notes, $64,000,000 of Class B notes, $100,000,000 of Class C notes, $124,000,000 of Class D notes and $56,000,000 of Class E notes. The sponsor will make the determination regarding the aggregate initial principal amount of the notes based on, among other considerations, market conditions at the time of pricing. See “Risk Factors—The issuing entity has issued multiple classes of notes, and your notes may be more sensitive to losses, be affected by conflicts of interest between classes and have reduced liquidity or voting power because of an unknown retention of notes—The market value, liquidity and voting power of your notes may be adversely impacted by retention of notes by the depositor or its affiliates or by the unknown aggregate initial principal amount of the notes.” (5) Plus accrued interest, if any, from the closing date.","(1) The aggregate initial principal amount of the offered notes will be $526,510,000 if the Base Transaction is issued or $624,000,000 if the Upsize Transaction is issued. The sponsor will make the determination regarding the aggregate initial principal amount of the notes based on, among other considerations, market conditions at the time of pricing. See “Risk Factors—The issuing entity has issued multiple classes of notes, and your notes may be more sensitive to losses, be affected by conflicts of interest between classes and have reduced liquidity or voting power because of an unknown retention of notes—The market value, liquidity and voting power of your notes may be adversely impacted by retention of notes by the depositor or its affiliates or by the unknown aggregate initial principal amount of the notes.” (2) The Class E notes are not being offered hereby and are anticipated to be either privately placed or retained by the depositor or another affiliate of BAC. The Class E notes will be entitled to certain payments as described herein. (3) All or a portion of one or more of the classes of notes offered hereby may be initially retained by the depositor or an affiliate thereof. (4) If the Upsize Transaction is issued, the following notes will be issued: $96,000,000 of Class A-1 notes, $128,000,000 of Class A-2 notes, $112,000,000 of Class A-3 notes, $64,000,000 of Class B notes, $100,000,000 of Class C notes, $124,000,000 of Class D notes and $56,000,000 of Class E notes. The sponsor will make the determination regarding the aggregate initial principal amount of the notes based on, among other considerations, market conditions at the time of pricing. See “Risk Factors—The issuing entity has issued multiple classes of notes, and your notes may be more sensitive to losses, be affected by conflicts of interest between classes and have reduced liquidity or voting power because of an unknown retention of notes—The market value, liquidity and voting power of your notes may be adversely impacted by retention of notes by the depositor or its affiliates or by the unknown aggregate initial principal amount of the notes.” (5) Plus accrued interest, if any, from the closing date.","(1) The aggregate initial principal amount of the offered notes will be $526,510,000 if the Base Transaction is issued or $624,000,000 if the Upsize Transaction is issued. The sponsor will make the determination regarding the aggregate initial principal amount of the notes based on, among other considerations, market conditions at the time of pricing. See “Risk Factors—The issuing entity has issued multiple classes of notes, and your notes may be more sensitive to losses, be affected by conflicts of interest between classes and have reduced liquidity or voting power because of an unknown retention of notes—The market value, liquidity and voting power of your notes may be adversely impacted by retention of notes by the depositor or its affiliates or by the unknown aggregate initial principal amount of the notes.” (2) The Class E notes are not being offered hereby and are anticipated to be either privately placed or retained by the depositor or another affiliate of BAC. The Class E notes will be entitled to certain payments as described herein. (3) All or a portion of one or more of the classes of notes offered hereby may be initially retained by the depositor or an affiliate thereof. (4) If the Upsize Transaction is issued, the following notes will be issued: $96,000,000 of Class A-1 notes, $128,000,000 of Class A-2 notes, $112,000,000 of Class A-3 notes, $64,000,000 of Class B notes, $100,000,000 of Class C notes, $124,000,000 of Class D notes and $56,000,000 of Class E notes. The sponsor will make the determination regarding the aggregate initial principal amount of the notes based on, among other considerations, market conditions at the time of pricing. See “Risk Factors—The issuing entity has issued multiple classes of notes, and your notes may be more sensitive to losses, be affected by conflicts of interest between classes and have reduced liquidity or voting power because of an unknown retention of notes—The market value, liquidity and voting power of your notes may be adversely impacted by retention of notes by the depositor or its affiliates or by the unknown aggregate initial principal amount of the notes.” (5) Plus accrued interest, if any, from the closing date.","(1) The aggregate initial principal amount of the offered notes will be $526,510,000 if the Base Transaction is issued or $624,000,000 if the Upsize Transaction is issued. The sponsor will make the determination regarding the aggregate initial principal amount of the notes based on, among other considerations, market conditions at the time of pricing. See “Risk Factors—The issuing entity has issued multiple classes of notes, and your notes may be more sensitive to losses, be affected by conflicts of interest between classes and have reduced liquidity or voting power because of an unknown retention of notes—The market value, liquidity and voting power of your notes may be adversely impacted by retention of notes by the depositor or its affiliates or by the unknown aggregate initial principal amount of the notes.” (2) The Class E notes are not being offered hereby and are anticipated to be either privately placed or retained by the depositor or another affiliate of BAC. The Class E notes will be entitled to certain payments as described herein. (3) All or a portion of one or more of the classes of notes offered hereby may be initially retained by the depositor or an affiliate thereof. (4) If the Upsize Transaction is issued, the following notes will be issued: $96,000,000 of Class A-1 notes, $128,000,000 of Class A-2 notes, $112,000,000 of Class A-3 notes, $64,000,000 of Class B notes, $100,000,000 of Class C notes, $124,000,000 of Class D notes and $56,000,000 of Class E notes. The sponsor will make the determination regarding the aggregate initial principal amount of the notes based on, among other considerations, market conditions at the time of pricing. See “Risk Factors—The issuing entity has issued multiple classes of notes, and your notes may be more sensitive to losses, be affected by conflicts of interest between classes and have reduced liquidity or voting power because of an unknown retention of notes—The market value, liquidity and voting power of your notes may be adversely impacted by retention of notes by the depositor or its affiliates or by the unknown aggregate initial principal amount of the notes.” (5) Plus accrued interest, if any, from the closing date.","(1) The aggregate initial principal amount of the offered notes will be $526,510,000 if the Base Transaction is issued or $624,000,000 if the Upsize Transaction is issued. The sponsor will make the determination regarding the aggregate initial principal amount of the notes based on, among other considerations, market conditions at the time of pricing. See “Risk Factors—The issuing entity has issued multiple classes of notes, and your notes may be more sensitive to losses, be affected by conflicts of interest between classes and have reduced liquidity or voting power because of an unknown retention of notes—The market value, liquidity and voting power of your notes may be adversely impacted by retention of notes by the depositor or its affiliates or by the unknown aggregate initial principal amount of the notes.” (2) The Class E notes are not being offered hereby and are anticipated to be either privately placed or retained by the depositor or another affiliate of BAC. The Class E notes will be entitled to certain payments as described herein. (3) All or a portion of one or more of the classes of notes offered hereby may be initially retained by the depositor or an affiliate thereof. (4) If the Upsize Transaction is issued, the following notes will be issued: $96,000,000 of Class A-1 notes, $128,000,000 of Class A-2 notes, $112,000,000 of Class A-3 notes, $64,000,000 of Class B notes, $100,000,000 of Class C notes, $124,000,000 of Class D notes and $56,000,000 of Class E notes. The sponsor will make the determination regarding the aggregate initial principal amount of the notes based on, among other considerations, market conditions at the time of pricing. See “Risk Factors—The issuing entity has issued multiple classes of notes, and your notes may be more sensitive to losses, be affected by conflicts of interest between classes and have reduced liquidity or voting power because of an unknown retention of notes—The market value, liquidity and voting power of your notes may be adversely impacted by retention of notes by the depositor or its affiliates or by the unknown aggregate initial principal amount of the notes.” (5) Plus accrued interest, if any, from the closing date.","(1) The aggregate initial principal amount of the offered notes will be $526,510,000 if the Base Transaction is issued or $624,000,000 if the Upsize Transaction is issued. The sponsor will make the determination regarding the aggregate initial principal amount of the notes based on, among other considerations, market conditions at the time of pricing. See “Risk Factors—The issuing entity has issued multiple classes of notes, and your notes may be more sensitive to losses, be affected by conflicts of interest between classes and have reduced liquidity or voting power because of an unknown retention of notes—The market value, liquidity and voting power of your notes may be adversely impacted by retention of notes by the depositor or its affiliates or by the unknown aggregate initial principal amount of the notes.” (2) The Class E notes are not being offered hereby and are anticipated to be either privately placed or retained by the depositor or another affiliate of BAC. The Class E notes will be entitled to certain payments as described herein. (3) All or a portion of one or more of the classes of notes offered hereby may be initially retained by the depositor or an affiliate thereof. (4) If the Upsize Transaction is issued, the following notes will be issued: $96,000,000 of Class A-1 notes, $128,000,000 of Class A-2 notes, $112,000,000 of Class A-3 notes, $64,000,000 of Class B notes, $100,000,000 of Class C notes, $124,000,000 of Class D notes and $56,000,000 of Class E notes. The sponsor will make the determination regarding the aggregate initial principal amount of the notes based on, among other considerations, market conditions at the time of pricing. See “Risk Factors—The issuing entity has issued multiple classes of notes, and your notes may be more sensitive to losses, be affected by conflicts of interest between classes and have reduced liquidity or voting power because of an unknown retention of notes—The market value, liquidity and voting power of your notes may be adversely impacted by retention of notes by the depositor or its affiliates or by the unknown aggregate initial principal amount of the notes.” (5) Plus accrued interest, if any, from the closing date.","(1) The aggregate initial principal amount of the offered notes will be $526,510,000 if the Base Transaction is issued or $624,000,000 if the Upsize Transaction is issued. The sponsor will make the determination regarding the aggregate initial principal amount of the notes based on, among other considerations, market conditions at the time of pricing. See “Risk Factors—The issuing entity has issued multiple classes of notes, and your notes may be more sensitive to losses, be affected by conflicts of interest between classes and have reduced liquidity or voting power because of an unknown retention of notes—The market value, liquidity and voting power of your notes may be adversely impacted by retention of notes by the depositor or its affiliates or by the unknown aggregate initial principal amount of the notes.” (2) The Class E notes are not being offered hereby and are anticipated to be either privately placed or retained by the depositor or another affiliate of BAC. The Class E notes will be entitled to certain payments as described herein. (3) All or a portion of one or more of the classes of notes offered hereby may be initially retained by the depositor or an affiliate thereof. (4) If the Upsize Transaction is issued, the following notes will be issued: $96,000,000 of Class A-1 notes, $128,000,000 of Class A-2 notes, $112,000,000 of Class A-3 notes, $64,000,000 of Class B notes, $100,000,000 of Class C notes, $124,000,000 of Class D notes and $56,000,000 of Class E notes. The sponsor will make the determination regarding the aggregate initial principal amount of the notes based on, among other considerations, market conditions at the time of pricing. See “Risk Factors—The issuing entity has issued multiple classes of notes, and your notes may be more sensitive to losses, be affected by conflicts of interest between classes and have reduced liquidity or voting power because of an unknown retention of notes—The market value, liquidity and voting power of your notes may be adversely impacted by retention of notes by the depositor or its affiliates or by the unknown aggregate initial principal amount of the notes.” (5) Plus accrued interest, if any, from the closing date.","(1) The aggregate initial principal amount of the offered notes will be $526,510,000 if the Base Transaction is issued or $624,000,000 if the Upsize Transaction is issued. The sponsor will make the determination regarding the aggregate initial principal amount of the notes based on, among other considerations, market conditions at the time of pricing. See “Risk Factors—The issuing entity has issued multiple classes of notes, and your notes may be more sensitive to losses, be affected by conflicts of interest between classes and have reduced liquidity or voting power because of an unknown retention of notes—The market value, liquidity and voting power of your notes may be adversely impacted by retention of notes by the depositor or its affiliates or by the unknown aggregate initial principal amount of the notes.” (2) The Class E notes are not being offered hereby and are anticipated to be either privately placed or retained by the depositor or another affiliate of BAC. The Class E notes will be entitled to certain payments as described herein. (3) All or a portion of one or more of the classes of notes offered hereby may be initially retained by the depositor or an affiliate thereof. (4) If the Upsize Transaction is issued, the following notes will be issued: $96,000,000 of Class A-1 notes, $128,000,000 of Class A-2 notes, $112,000,000 of Class A-3 notes, $64,000,000 of Class B notes, $100,000,000 of Class C notes, $124,000,000 of Class D notes and $56,000,000 of Class E notes. The sponsor will make the determination regarding the aggregate initial principal amount of the notes based on, among other considerations, market conditions at the time of pricing. See “Risk Factors—The issuing entity has issued multiple classes of notes, and your notes may be more sensitive to losses, be affected by conflicts of interest between classes and have reduced liquidity or voting power because of an unknown retention of notes—The market value, liquidity and voting power of your notes may be adversely impacted by retention of notes by the depositor or its affiliates or by the unknown aggregate initial principal amount of the notes.” (5) Plus accrued interest, if any, from the closing date.","(1) The aggregate initial principal amount of the offered notes will be $526,510,000 if the Base Transaction is issued or $624,000,000 if the Upsize Transaction is issued. The sponsor will make the determination regarding the aggregate initial principal amount of the notes based on, among other considerations, market conditions at the time of pricing. See “Risk Factors—The issuing entity has issued multiple classes of notes, and your notes may be more sensitive to losses, be affected by conflicts of interest between classes and have reduced liquidity or voting power because of an unknown retention of notes—The market value, liquidity and voting power of your notes may be adversely impacted by retention of notes by the depositor or its affiliates or by the unknown aggregate initial principal amount of the notes.” (2) The Class E notes are not being offered hereby and are anticipated to be either privately placed or retained by the depositor or another affiliate of BAC. The Class E notes will be entitled to certain payments as described herein. (3) All or a portion of one or more of the classes of notes offered hereby may be initially retained by the depositor or an affiliate thereof. (4) If the Upsize Transaction is issued, the following notes will be issued: $96,000,000 of Class A-1 notes, $128,000,000 of Class A-2 notes, $112,000,000 of Class A-3 notes, $64,000,000 of Class B notes, $100,000,000 of Class C notes, $124,000,000 of Class D notes and $56,000,000 of Class E notes. The sponsor will make the determination regarding the aggregate initial principal amount of the notes based on, among other considerations, market conditions at the time of pricing. See “Risk Factors—The issuing entity has issued multiple classes of notes, and your notes may be more sensitive to losses, be affected by conflicts of interest between classes and have reduced liquidity or voting power because of an unknown retention of notes—The market value, liquidity and voting power of your notes may be adversely impacted by retention of notes by the depositor or its affiliates or by the unknown aggregate initial principal amount of the notes.” (5) Plus accrued interest, if any, from the closing date.",
,,,,"(1) The aggregate initial principal amount of the offered notes will be $526,510,000 if the Base Transaction is issued or $624,000,000 if the Upsize Transaction is issued. The sponsor will make the determination regarding the aggregate initial principal amount of the notes based on, among other considerations, market conditions at the time of pricing. See “Risk Factors—The issuing entity has issued multiple classes of notes, and your notes may be more sensitive to losses, be affected by conflicts of interest between classes and have reduced liquidity or voting power because of an unknown retention of notes—The market value, liquidity and voting power of your notes may be adversely impacted by retention of notes by the depositor or its affiliates or by the unknown aggregate initial principal amount of the notes.” (2) The Class E notes are not being offered hereby and are anticipated to be either privately placed or retained by the depositor or another affiliate of BAC. The Class E notes will be entitled to certain payments as described herein. (3) All or a portion of one or more of the classes of notes offered hereby may be initially retained by the depositor or an affiliate thereof. (4) If the Upsize Transaction is issued, the following notes will be issued: $96,000,000 of Class A-1 notes, $128,000,000 of Class A-2 notes, $112,000,000 of Class A-3 notes, $64,000,000 of Class B notes, $100,000,000 of Class C notes, $124,000,000 of Class D notes and $56,000,000 of Class E notes. The sponsor will make the determination regarding the aggregate initial principal amount of the notes based on, among other considerations, market conditions at the time of pricing. See “Risk Factors—The issuing entity has issued multiple classes of notes, and your notes may be more sensitive to losses, be affected by conflicts of interest between classes and have reduced liquidity or voting power because of an unknown retention of notes—The market value, liquidity and voting power of your notes may be adversely impacted by retention of notes by the depositor or its affiliates or by the unknown aggregate initial principal amount of the notes.” (5) Plus accrued interest, if any, from the closing date.","(1) The aggregate initial principal amount of the offered notes will be $526,510,000 if the Base Transaction is issued or $624,000,000 if the Upsize Transaction is issued. The sponsor will make the determination regarding the aggregate initial principal amount of the notes based on, among other considerations, market conditions at the time of pricing. See “Risk Factors—The issuing entity has issued multiple classes of notes, and your notes may be more sensitive to losses, be affected by conflicts of interest between classes and have reduced liquidity or voting power because of an unknown retention of notes—The market value, liquidity and voting power of your notes may be adversely impacted by retention of notes by the depositor or its affiliates or by the unknown aggregate initial principal amount of the notes.” (2) The Class E notes are not being offered hereby and are anticipated to be either privately placed or retained by the depositor or another affiliate of BAC. The Class E notes will be entitled to certain payments as described herein. (3) All or a portion of one or more of the classes of notes offered hereby may be initially retained by the depositor or an affiliate thereof. (4) If the Upsize Transaction is issued, the following notes will be issued: $96,000,000 of Class A-1 notes, $128,000,000 of Class A-2 notes, $112,000,000 of Class A-3 notes, $64,000,000 of Class B notes, $100,000,000 of Class C notes, $124,000,000 of Class D notes and $56,000,000 of Class E notes. The sponsor will make the determination regarding the aggregate initial principal amount of the notes based on, among other considerations, market conditions at the time of pricing. See “Risk Factors—The issuing entity has issued multiple classes of notes, and your notes may be more sensitive to losses, be affected by conflicts of interest between classes and have reduced liquidity or voting power because of an unknown retention of notes—The market value, liquidity and voting power of your notes may be adversely impacted by retention of notes by the depositor or its affiliates or by the unknown aggregate initial principal amount of the notes.” (5) Plus accrued interest, if any, from the closing date.","(1) The aggregate initial principal amount of the offered notes will be $526,510,000 if the Base Transaction is issued or $624,000,000 if the Upsize Transaction is issued. The sponsor will make the determination regarding the aggregate initial principal amount of the notes based on, among other considerations, market conditions at the time of pricing. See “Risk Factors—The issuing entity has issued multiple classes of notes, and your notes may be more sensitive to losses, be affected by conflicts of interest between classes and have reduced liquidity or voting power because of an unknown retention of notes—The market value, liquidity and voting power of your notes may be adversely impacted by retention of notes by the depositor or its affiliates or by the unknown aggregate initial principal amount of the notes.” (2) The Class E notes are not being offered hereby and are anticipated to be either privately placed or retained by the depositor or another affiliate of BAC. The Class E notes will be entitled to certain payments as described herein. (3) All or a portion of one or more of the classes of notes offered hereby may be initially retained by the depositor or an affiliate thereof. (4) If the Upsize Transaction is issued, the following notes will be issued: $96,000,000 of Class A-1 notes, $128,000,000 of Class A-2 notes, $112,000,000 of Class A-3 notes, $64,000,000 of Class B notes, $100,000,000 of Class C notes, $124,000,000 of Class D notes and $56,000,000 of Class E notes. The sponsor will make the determination regarding the aggregate initial principal amount of the notes based on, among other considerations, market conditions at the time of pricing. See “Risk Factors—The issuing entity has issued multiple classes of notes, and your notes may be more sensitive to losses, be affected by conflicts of interest between classes and have reduced liquidity or voting power because of an unknown retention of notes—The market value, liquidity and voting power of your notes may be adversely impacted by retention of notes by the depositor or its affiliates or by the unknown aggregate initial principal amount of the notes.” (5) Plus accrued interest, if any, from the closing date.","(1) The aggregate initial principal amount of the offered notes will be $526,510,000 if the Base Transaction is issued or $624,000,000 if the Upsize Transaction is issued. The sponsor will make the determination regarding the aggregate initial principal amount of the notes based on, among other considerations, market conditions at the time of pricing. See “Risk Factors—The issuing entity has issued multiple classes of notes, and your notes may be more sensitive to losses, be affected by conflicts of interest between classes and have reduced liquidity or voting power because of an unknown retention of notes—The market value, liquidity and voting power of your notes may be adversely impacted by retention of notes by the depositor or its affiliates or by the unknown aggregate initial principal amount of the notes.” (2) The Class E notes are not being offered hereby and are anticipated to be either privately placed or retained by the depositor or another affiliate of BAC. The Class E notes will be entitled to certain payments as described herein. (3) All or a portion of one or more of the classes of notes offered hereby may be initially retained by the depositor or an affiliate thereof. (4) If the Upsize Transaction is issued, the following notes will be issued: $96,000,000 of Class A-1 notes, $128,000,000 of Class A-2 notes, $112,000,000 of Class A-3 notes, $64,000,000 of Class B notes, $100,000,000 of Class C notes, $124,000,000 of Class D notes and $56,000,000 of Class E notes. The sponsor will make the determination regarding the aggregate initial principal amount of the notes based on, among other considerations, market conditions at the time of pricing. See “Risk Factors—The issuing entity has issued multiple classes of notes, and your notes may be more sensitive to losses, be affected by conflicts of interest between classes and have reduced liquidity or voting power because of an unknown retention of notes—The market value, liquidity and voting power of your notes may be adversely impacted by retention of notes by the depositor or its affiliates or by the unknown aggregate initial principal amount of the notes.” (5) Plus accrued interest, if any, from the closing date.","(1) The aggregate initial principal amount of the offered notes will be $526,510,000 if the Base Transaction is issued or $624,000,000 if the Upsize Transaction is issued. The sponsor will make the determination regarding the aggregate initial principal amount of the notes based on, among other considerations, market conditions at the time of pricing. See “Risk Factors—The issuing entity has issued multiple classes of notes, and your notes may be more sensitive to losses, be affected by conflicts of interest between classes and have reduced liquidity or voting power because of an unknown retention of notes—The market value, liquidity and voting power of your notes may be adversely impacted by retention of notes by the depositor or its affiliates or by the unknown aggregate initial principal amount of the notes.” (2) The Class E notes are not being offered hereby and are anticipated to be either privately placed or retained by the depositor or another affiliate of BAC. The Class E notes will be entitled to certain payments as described herein. (3) All or a portion of one or more of the classes of notes offered hereby may be initially retained by the depositor or an affiliate thereof. (4) If the Upsize Transaction is issued, the following notes will be issued: $96,000,000 of Class A-1 notes, $128,000,000 of Class A-2 notes, $112,000,000 of Class A-3 notes, $64,000,000 of Class B notes, $100,000,000 of Class C notes, $124,000,000 of Class D notes and $56,000,000 of Class E notes. The sponsor will make the determination regarding the aggregate initial principal amount of the notes based on, among other considerations, market conditions at the time of pricing. See “Risk Factors—The issuing entity has issued multiple classes of notes, and your notes may be more sensitive to losses, be affected by conflicts of interest between classes and have reduced liquidity or voting power because of an unknown retention of notes—The market value, liquidity and voting power of your notes may be adversely impacted by retention of notes by the depositor or its affiliates or by the unknown aggregate initial principal amount of the notes.” (5) Plus accrued interest, if any, from the closing date.","(1) The aggregate initial principal amount of the offered notes will be $526,510,000 if the Base Transaction is issued or $624,000,000 if the Upsize Transaction is issued. The sponsor will make the determination regarding the aggregate initial principal amount of the notes based on, among other considerations, market conditions at the time of pricing. See “Risk Factors—The issuing entity has issued multiple classes of notes, and your notes may be more sensitive to losses, be affected by conflicts of interest between classes and have reduced liquidity or voting power because of an unknown retention of notes—The market value, liquidity and voting power of your notes may be adversely impacted by retention of notes by the depositor or its affiliates or by the unknown aggregate initial principal amount of the notes.” (2) The Class E notes are not being offered hereby and are anticipated to be either privately placed or retained by the depositor or another affiliate of BAC. The Class E notes will be entitled to certain payments as described herein. (3) All or a portion of one or more of the classes of notes offered hereby may be initially retained by the depositor or an affiliate thereof. (4) If the Upsize Transaction is issued, the following notes will be issued: $96,000,000 of Class A-1 notes, $128,000,000 of Class A-2 notes, $112,000,000 of Class A-3 notes, $64,000,000 of Class B notes, $100,000,000 of Class C notes, $124,000,000 of Class D notes and $56,000,000 of Class E notes. The sponsor will make the determination regarding the aggregate initial principal amount of the notes based on, among other considerations, market conditions at the time of pricing. See “Risk Factors—The issuing entity has issued multiple classes of notes, and your notes may be more sensitive to losses, be affected by conflicts of interest between classes and have reduced liquidity or voting power because of an unknown retention of notes—The market value, liquidity and voting power of your notes may be adversely impacted by retention of notes by the depositor or its affiliates or by the unknown aggregate initial principal amount of the notes.” (5) Plus accrued interest, if any, from the closing date.","(1) The aggregate initial principal amount of the offered notes will be $526,510,000 if the Base Transaction is issued or $624,000,000 if the Upsize Transaction is issued. The sponsor will make the determination regarding the aggregate initial principal amount of the notes based on, among other considerations, market conditions at the time of pricing. See “Risk Factors—The issuing entity has issued multiple classes of notes, and your notes may be more sensitive to losses, be affected by conflicts of interest between classes and have reduced liquidity or voting power because of an unknown retention of notes—The market value, liquidity and voting power of your notes may be adversely impacted by retention of notes by the depositor or its affiliates or by the unknown aggregate initial principal amount of the notes.” (2) The Class E notes are not being offered hereby and are anticipated to be either privately placed or retained by the depositor or another affiliate of BAC. The Class E notes will be entitled to certain payments as described herein. (3) All or a portion of one or more of the classes of notes offered hereby may be initially retained by the depositor or an affiliate thereof. (4) If the Upsize Transaction is issued, the following notes will be issued: $96,000,000 of Class A-1 notes, $128,000,000 of Class A-2 notes, $112,000,000 of Class A-3 notes, $64,000,000 of Class B notes, $100,000,000 of Class C notes, $124,000,000 of Class D notes and $56,000,000 of Class E notes. The sponsor will make the determination regarding the aggregate initial principal amount of the notes based on, among other considerations, market conditions at the time of pricing. See “Risk Factors—The issuing entity has issued multiple classes of notes, and your notes may be more sensitive to losses, be affected by conflicts of interest between classes and have reduced liquidity or voting power because of an unknown retention of notes—The market value, liquidity and voting power of your notes may be adversely impacted by retention of notes by the depositor or its affiliates or by the unknown aggregate initial principal amount of the notes.” (5) Plus accrued interest, if any, from the closing date.","(1) The aggregate initial principal amount of the offered notes will be $526,510,000 if the Base Transaction is issued or $624,000,000 if the Upsize Transaction is issued. The sponsor will make the determination regarding the aggregate initial principal amount of the notes based on, among other considerations, market conditions at the time of pricing. See “Risk Factors—The issuing entity has issued multiple classes of notes, and your notes may be more sensitive to losses, be affected by conflicts of interest between classes and have reduced liquidity or voting power because of an unknown retention of notes—The market value, liquidity and voting power of your notes may be adversely impacted by retention of notes by the depositor or its affiliates or by the unknown aggregate initial principal amount of the notes.” (2) The Class E notes are not being offered hereby and are anticipated to be either privately placed or retained by the depositor or another affiliate of BAC. The Class E notes will be entitled to certain payments as described herein. (3) All or a portion of one or more of the classes of notes offered hereby may be initially retained by the depositor or an affiliate thereof. (4) If the Upsize Transaction is issued, the following notes will be issued: $96,000,000 of Class A-1 notes, $128,000,000 of Class A-2 notes, $112,000,000 of Class A-3 notes, $64,000,000 of Class B notes, $100,000,000 of Class C notes, $124,000,000 of Class D notes and $56,000,000 of Class E notes. The sponsor will make the determination regarding the aggregate initial principal amount of the notes based on, among other considerations, market conditions at the time of pricing. See “Risk Factors—The issuing entity has issued multiple classes of notes, and your notes may be more sensitive to losses, be affected by conflicts of interest between classes and have reduced liquidity or voting power because of an unknown retention of notes—The market value, liquidity and voting power of your notes may be adversely impacted by retention of notes by the depositor or its affiliates or by the unknown aggregate initial principal amount of the notes.” (5) Plus accrued interest, if any, from the closing date.","(1) The aggregate initial principal amount of the offered notes will be $526,510,000 if the Base Transaction is issued or $624,000,000 if the Upsize Transaction is issued. The sponsor will make the determination regarding the aggregate initial principal amount of the notes based on, among other considerations, market conditions at the time of pricing. See “Risk Factors—The issuing entity has issued multiple classes of notes, and your notes may be more sensitive to losses, be affected by conflicts of interest between classes and have reduced liquidity or voting power because of an unknown retention of notes—The market value, liquidity and voting power of your notes may be adversely impacted by retention of notes by the depositor or its affiliates or by the unknown aggregate initial principal amount of the notes.” (2) The Class E notes are not being offered hereby and are anticipated to be either privately placed or retained by the depositor or another affiliate of BAC. The Class E notes will be entitled to certain payments as described herein. (3) All or a portion of one or more of the classes of notes offered hereby may be initially retained by the depositor or an affiliate thereof. (4) If the Upsize Transaction is issued, the following notes will be issued: $96,000,000 of Class A-1 notes, $128,000,000 of Class A-2 notes, $112,000,000 of Class A-3 notes, $64,000,000 of Class B notes, $100,000,000 of Class C notes, $124,000,000 of Class D notes and $56,000,000 of Class E notes. The sponsor will make the determination regarding the aggregate initial principal amount of the notes based on, among other considerations, market conditions at the time of pricing. See “Risk Factors—The issuing entity has issued multiple classes of notes, and your notes may be more sensitive to losses, be affected by conflicts of interest between classes and have reduced liquidity or voting power because of an unknown retention of notes—The market value, liquidity and voting power of your notes may be adversely impacted by retention of notes by the depositor or its affiliates or by the unknown aggregate initial principal amount of the notes.” (5) Plus accrued interest, if any, from the closing date.","(1) The aggregate initial principal amount of the offered notes will be $526,510,000 if the Base Transaction is issued or $624,000,000 if the Upsize Transaction is issued. The sponsor will make the determination regarding the aggregate initial principal amount of the notes based on, among other considerations, market conditions at the time of pricing. See “Risk Factors—The issuing entity has issued multiple classes of notes, and your notes may be more sensitive to losses, be affected by conflicts of interest between classes and have reduced liquidity or voting power because of an unknown retention of notes—The market value, liquidity and voting power of your notes may be adversely impacted by retention of notes by the depositor or its affiliates or by the unknown aggregate initial principal amount of the notes.” (2) The Class E notes are not being offered hereby and are anticipated to be either privately placed or retained by the depositor or another affiliate of BAC. The Class E notes will be entitled to certain payments as described herein. (3) All or a portion of one or more of the classes of notes offered hereby may be initially retained by the depositor or an affiliate thereof. (4) If the Upsize Transaction is issued, the following notes will be issued: $96,000,000 of Class A-1 notes, $128,000,000 of Class A-2 notes, $112,000,000 of Class A-3 notes, $64,000,000 of Class B notes, $100,000,000 of Class C notes, $124,000,000 of Class D notes and $56,000,000 of Class E notes. The sponsor will make the determination regarding the aggregate initial principal amount of the notes based on, among other considerations, market conditions at the time of pricing. See “Risk Factors—The issuing entity has issued multiple classes of notes, and your notes may be more sensitive to losses, be affected by conflicts of interest between classes and have reduced liquidity or voting power because of an unknown retention of notes—The market value, liquidity and voting power of your notes may be adversely impacted by retention of notes by the depositor or its affiliates or by the unknown aggregate initial principal amount of the notes.” (5) Plus accrued interest, if any, from the closing date.","(1) The aggregate initial principal amount of the offered notes will be $526,510,000 if the Base Transaction is issued or $624,000,000 if the Upsize Transaction is issued. The sponsor will make the determination regarding the aggregate initial principal amount of the notes based on, among other considerations, market conditions at the time of pricing. See “Risk Factors—The issuing entity has issued multiple classes of notes, and your notes may be more sensitive to losses, be affected by conflicts of interest between classes and have reduced liquidity or voting power because of an unknown retention of notes—The market value, liquidity and voting power of your notes may be adversely impacted by retention of notes by the depositor or its affiliates or by the unknown aggregate initial principal amount of the notes.” (2) The Class E notes are not being offered hereby and are anticipated to be either privately placed or retained by the depositor or another affiliate of BAC. The Class E notes will be entitled to certain payments as described herein. (3) All or a portion of one or more of the classes of notes offered hereby may be initially retained by the depositor or an affiliate thereof. (4) If the Upsize Transaction is issued, the following notes will be issued: $96,000,000 of Class A-1 notes, $128,000,000 of Class A-2 notes, $112,000,000 of Class A-3 notes, $64,000,000 of Class B notes, $100,000,000 of Class C notes, $124,000,000 of Class D notes and $56,000,000 of Class E notes. The sponsor will make the determination regarding the aggregate initial principal amount of the notes based on, among other considerations, market conditions at the time of pricing. See “Risk Factors—The issuing entity has issued multiple classes of notes, and your notes may be more sensitive to losses, be affected by conflicts of interest between classes and have reduced liquidity or voting power because of an unknown retention of notes—The market value, liquidity and voting power of your notes may be adversely impacted by retention of notes by the depositor or its affiliates or by the unknown aggregate initial principal amount of the notes.” (5) Plus accrued interest, if any, from the closing date.","(1) The aggregate initial principal amount of the offered notes will be $526,510,000 if the Base Transaction is issued or $624,000,000 if the Upsize Transaction is issued. The sponsor will make the determination regarding the aggregate initial principal amount of the notes based on, among other considerations, market conditions at the time of pricing. See “Risk Factors—The issuing entity has issued multiple classes of notes, and your notes may be more sensitive to losses, be affected by conflicts of interest between classes and have reduced liquidity or voting power because of an unknown retention of notes—The market value, liquidity and voting power of your notes may be adversely impacted by retention of notes by the depositor or its affiliates or by the unknown aggregate initial principal amount of the notes.” (2) The Class E notes are not being offered hereby and are anticipated to be either privately placed or retained by the depositor or another affiliate of BAC. The Class E notes will be entitled to certain payments as described herein. (3) All or a portion of one or more of the classes of notes offered hereby may be initially retained by the depositor or an affiliate thereof. (4) If the Upsize Transaction is issued, the following notes will be issued: $96,000,000 of Class A-1 notes, $128,000,000 of Class A-2 notes, $112,000,000 of Class A-3 notes, $64,000,000 of Class B notes, $100,000,000 of Class C notes, $124,000,000 of Class D notes and $56,000,000 of Class E notes. The sponsor will make the determination regarding the aggregate initial principal amount of the notes based on, among other considerations, market conditions at the time of pricing. See “Risk Factors—The issuing entity has issued multiple classes of notes, and your notes may be more sensitive to losses, be affected by conflicts of interest between classes and have reduced liquidity or voting power because of an unknown retention of notes—The market value, liquidity and voting power of your notes may be adversely impacted by retention of notes by the depositor or its affiliates or by the unknown aggregate initial principal amount of the notes.” (5) Plus accrued interest, if any, from the closing date.",
,,,,"(1) The aggregate initial principal amount of the offered notes will be $526,510,000 if the Base Transaction is issued or $624,000,000 if the Upsize Transaction is issued. The sponsor will make the determination regarding the aggregate initial principal amount of the notes based on, among other considerations, market conditions at the time of pricing. See “Risk Factors—The issuing entity has issued multiple classes of notes, and your notes may be more sensitive to losses, be affected by conflicts of interest between classes and have reduced liquidity or voting power because of an unknown retention of notes—The market value, liquidity and voting power of your notes may be adversely impacted by retention of notes by the depositor or its affiliates or by the unknown aggregate initial principal amount of the notes.” (2) The Class E notes are not being offered hereby and are anticipated to be either privately placed or retained by the depositor or another affiliate of BAC. The Class E notes will be entitled to certain payments as described herein. (3) All or a portion of one or more of the classes of notes offered hereby may be initially retained by the depositor or an affiliate thereof. (4) If the Upsize Transaction is issued, the following notes will be issued: $96,000,000 of Class A-1 notes, $128,000,000 of Class A-2 notes, $112,000,000 of Class A-3 notes, $64,000,000 of Class B notes, $100,000,000 of Class C notes, $124,000,000 of Class D notes and $56,000,000 of Class E notes. The sponsor will make the determination regarding the aggregate initial principal amount of the notes based on, among other considerations, market conditions at the time of pricing. See “Risk Factors—The issuing entity has issued multiple classes of notes, and your notes may be more sensitive to losses, be affected by conflicts of interest between classes and have reduced liquidity or voting power because of an unknown retention of notes—The market value, liquidity and voting power of your notes may be adversely impacted by retention of notes by the depositor or its affiliates or by the unknown aggregate initial principal amount of the notes.” (5) Plus accrued interest, if any, from the closing date.","(1) The aggregate initial principal amount of the offered notes will be $526,510,000 if the Base Transaction is issued or $624,000,000 if the Upsize Transaction is issued. The sponsor will make the determination regarding the aggregate initial principal amount of the notes based on, among other considerations, market conditions at the time of pricing. See “Risk Factors—The issuing entity has issued multiple classes of notes, and your notes may be more sensitive to losses, be affected by conflicts of interest between classes and have reduced liquidity or voting power because of an unknown retention of notes—The market value, liquidity and voting power of your notes may be adversely impacted by retention of notes by the depositor or its affiliates or by the unknown aggregate initial principal amount of the notes.” (2) The Class E notes are not being offered hereby and are anticipated to be either privately placed or retained by the depositor or another affiliate of BAC. The Class E notes will be entitled to certain payments as described herein. (3) All or a portion of one or more of the classes of notes offered hereby may be initially retained by the depositor or an affiliate thereof. (4) If the Upsize Transaction is issued, the following notes will be issued: $96,000,000 of Class A-1 notes, $128,000,000 of Class A-2 notes, $112,000,000 of Class A-3 notes, $64,000,000 of Class B notes, $100,000,000 of Class C notes, $124,000,000 of Class D notes and $56,000,000 of Class E notes. The sponsor will make the determination regarding the aggregate initial principal amount of the notes based on, among other considerations, market conditions at the time of pricing. See “Risk Factors—The issuing entity has issued multiple classes of notes, and your notes may be more sensitive to losses, be affected by conflicts of interest between classes and have reduced liquidity or voting power because of an unknown retention of notes—The market value, liquidity and voting power of your notes may be adversely impacted by retention of notes by the depositor or its affiliates or by the unknown aggregate initial principal amount of the notes.” (5) Plus accrued interest, if any, from the closing date.","(1) The aggregate initial principal amount of the offered notes will be $526,510,000 if the Base Transaction is issued or $624,000,000 if the Upsize Transaction is issued. The sponsor will make the determination regarding the aggregate initial principal amount of the notes based on, among other considerations, market conditions at the time of pricing. See “Risk Factors—The issuing entity has issued multiple classes of notes, and your notes may be more sensitive to losses, be affected by conflicts of interest between classes and have reduced liquidity or voting power because of an unknown retention of notes—The market value, liquidity and voting power of your notes may be adversely impacted by retention of notes by the depositor or its affiliates or by the unknown aggregate initial principal amount of the notes.” (2) The Class E notes are not being offered hereby and are anticipated to be either privately placed or retained by the depositor or another affiliate of BAC. The Class E notes will be entitled to certain payments as described herein. (3) All or a portion of one or more of the classes of notes offered hereby may be initially retained by the depositor or an affiliate thereof. (4) If the Upsize Transaction is issued, the following notes will be issued: $96,000,000 of Class A-1 notes, $128,000,000 of Class A-2 notes, $112,000,000 of Class A-3 notes, $64,000,000 of Class B notes, $100,000,000 of Class C notes, $124,000,000 of Class D notes and $56,000,000 of Class E notes. The sponsor will make the determination regarding the aggregate initial principal amount of the notes based on, among other considerations, market conditions at the time of pricing. See “Risk Factors—The issuing entity has issued multiple classes of notes, and your notes may be more sensitive to losses, be affected by conflicts of interest between classes and have reduced liquidity or voting power because of an unknown retention of notes—The market value, liquidity and voting power of your notes may be adversely impacted by retention of notes by the depositor or its affiliates or by the unknown aggregate initial principal amount of the notes.” (5) Plus accrued interest, if any, from the closing date.","(1) The aggregate initial principal amount of the offered notes will be $526,510,000 if the Base Transaction is issued or $624,000,000 if the Upsize Transaction is issued. The sponsor will make the determination regarding the aggregate initial principal amount of the notes based on, among other considerations, market conditions at the time of pricing. See “Risk Factors—The issuing entity has issued multiple classes of notes, and your notes may be more sensitive to losses, be affected by conflicts of interest between classes and have reduced liquidity or voting power because of an unknown retention of notes—The market value, liquidity and voting power of your notes may be adversely impacted by retention of notes by the depositor or its affiliates or by the unknown aggregate initial principal amount of the notes.” (2) The Class E notes are not being offered hereby and are anticipated to be either privately placed or retained by the depositor or another affiliate of BAC. The Class E notes will be entitled to certain payments as described herein. (3) All or a portion of one or more of the classes of notes offered hereby may be initially retained by the depositor or an affiliate thereof. (4) If the Upsize Transaction is issued, the following notes will be issued: $96,000,000 of Class A-1 notes, $128,000,000 of Class A-2 notes, $112,000,000 of Class A-3 notes, $64,000,000 of Class B notes, $100,000,000 of Class C notes, $124,000,000 of Class D notes and $56,000,000 of Class E notes. The sponsor will make the determination regarding the aggregate initial principal amount of the notes based on, among other considerations, market conditions at the time of pricing. See “Risk Factors—The issuing entity has issued multiple classes of notes, and your notes may be more sensitive to losses, be affected by conflicts of interest between classes and have reduced liquidity or voting power because of an unknown retention of notes—The market value, liquidity and voting power of your notes may be adversely impacted by retention of notes by the depositor or its affiliates or by the unknown aggregate initial principal amount of the notes.” (5) Plus accrued interest, if any, from the closing date.","(1) The aggregate initial principal amount of the offered notes will be $526,510,000 if the Base Transaction is issued or $624,000,000 if the Upsize Transaction is issued. The sponsor will make the determination regarding the aggregate initial principal amount of the notes based on, among other considerations, market conditions at the time of pricing. See “Risk Factors—The issuing entity has issued multiple classes of notes, and your notes may be more sensitive to losses, be affected by conflicts of interest between classes and have reduced liquidity or voting power because of an unknown retention of notes—The market value, liquidity and voting power of your notes may be adversely impacted by retention of notes by the depositor or its affiliates or by the unknown aggregate initial principal amount of the notes.” (2) The Class E notes are not being offered hereby and are anticipated to be either privately placed or retained by the depositor or another affiliate of BAC. The Class E notes will be entitled to certain payments as described herein. (3) All or a portion of one or more of the classes of notes offered hereby may be initially retained by the depositor or an affiliate thereof. (4) If the Upsize Transaction is issued, the following notes will be issued: $96,000,000 of Class A-1 notes, $128,000,000 of Class A-2 notes, $112,000,000 of Class A-3 notes, $64,000,000 of Class B notes, $100,000,000 of Class C notes, $124,000,000 of Class D notes and $56,000,000 of Class E notes. The sponsor will make the determination regarding the aggregate initial principal amount of the notes based on, among other considerations, market conditions at the time of pricing. See “Risk Factors—The issuing entity has issued multiple classes of notes, and your notes may be more sensitive to losses, be affected by conflicts of interest between classes and have reduced liquidity or voting power because of an unknown retention of notes—The market value, liquidity and voting power of your notes may be adversely impacted by retention of notes by the depositor or its affiliates or by the unknown aggregate initial principal amount of the notes.” (5) Plus accrued interest, if any, from the closing date.","(1) The aggregate initial principal amount of the offered notes will be $526,510,000 if the Base Transaction is issued or $624,000,000 if the Upsize Transaction is issued. The sponsor will make the determination regarding the aggregate initial principal amount of the notes based on, among other considerations, market conditions at the time of pricing. See “Risk Factors—The issuing entity has issued multiple classes of notes, and your notes may be more sensitive to losses, be affected by conflicts of interest between classes and have reduced liquidity or voting power because of an unknown retention of notes—The market value, liquidity and voting power of your notes may be adversely impacted by retention of notes by the depositor or its affiliates or by the unknown aggregate initial principal amount of the notes.” (2) The Class E notes are not being offered hereby and are anticipated to be either privately placed or retained by the depositor or another affiliate of BAC. The Class E notes will be entitled to certain payments as described herein. (3) All or a portion of one or more of the classes of notes offered hereby may be initially retained by the depositor or an affiliate thereof. (4) If the Upsize Transaction is issued, the following notes will be issued: $96,000,000 of Class A-1 notes, $128,000,000 of Class A-2 notes, $112,000,000 of Class A-3 notes, $64,000,000 of Class B notes, $100,000,000 of Class C notes, $124,000,000 of Class D notes and $56,000,000 of Class E notes. The sponsor will make the determination regarding the aggregate initial principal amount of the notes based on, among other considerations, market conditions at the time of pricing. See “Risk Factors—The issuing entity has issued multiple classes of notes, and your notes may be more sensitive to losses, be affected by conflicts of interest between classes and have reduced liquidity or voting power because of an unknown retention of notes—The market value, liquidity and voting power of your notes may be adversely impacted by retention of notes by the depositor or its affiliates or by the unknown aggregate initial principal amount of the notes.” (5) Plus accrued interest, if any, from the closing date.","(1) The aggregate initial principal amount of the offered notes will be $526,510,000 if the Base Transaction is issued or $624,000,000 if the Upsize Transaction is issued. The sponsor will make the determination regarding the aggregate initial principal amount of the notes based on, among other considerations, market conditions at the time of pricing. See “Risk Factors—The issuing entity has issued multiple classes of notes, and your notes may be more sensitive to losses, be affected by conflicts of interest between classes and have reduced liquidity or voting power because of an unknown retention of notes—The market value, liquidity and voting power of your notes may be adversely impacted by retention of notes by the depositor or its affiliates or by the unknown aggregate initial principal amount of the notes.” (2) The Class E notes are not being offered hereby and are anticipated to be either privately placed or retained by the depositor or another affiliate of BAC. The Class E notes will be entitled to certain payments as described herein. (3) All or a portion of one or more of the classes of notes offered hereby may be initially retained by the depositor or an affiliate thereof. (4) If the Upsize Transaction is issued, the following notes will be issued: $96,000,000 of Class A-1 notes, $128,000,000 of Class A-2 notes, $112,000,000 of Class A-3 notes, $64,000,000 of Class B notes, $100,000,000 of Class C notes, $124,000,000 of Class D notes and $56,000,000 of Class E notes. The sponsor will make the determination regarding the aggregate initial principal amount of the notes based on, among other considerations, market conditions at the time of pricing. See “Risk Factors—The issuing entity has issued multiple classes of notes, and your notes may be more sensitive to losses, be affected by conflicts of interest between classes and have reduced liquidity or voting power because of an unknown retention of notes—The market value, liquidity and voting power of your notes may be adversely impacted by retention of notes by the depositor or its affiliates or by the unknown aggregate initial principal amount of the notes.” (5) Plus accrued interest, if any, from the closing date.","(1) The aggregate initial principal amount of the offered notes will be $526,510,000 if the Base Transaction is issued or $624,000,000 if the Upsize Transaction is issued. The sponsor will make the determination regarding the aggregate initial principal amount of the notes based on, among other considerations, market conditions at the time of pricing. See “Risk Factors—The issuing entity has issued multiple classes of notes, and your notes may be more sensitive to losses, be affected by conflicts of interest between classes and have reduced liquidity or voting power because of an unknown retention of notes—The market value, liquidity and voting power of your notes may be adversely impacted by retention of notes by the depositor or its affiliates or by the unknown aggregate initial principal amount of the notes.” (2) The Class E notes are not being offered hereby and are anticipated to be either privately placed or retained by the depositor or another affiliate of BAC. The Class E notes will be entitled to certain payments as described herein. (3) All or a portion of one or more of the classes of notes offered hereby may be initially retained by the depositor or an affiliate thereof. (4) If the Upsize Transaction is issued, the following notes will be issued: $96,000,000 of Class A-1 notes, $128,000,000 of Class A-2 notes, $112,000,000 of Class A-3 notes, $64,000,000 of Class B notes, $100,000,000 of Class C notes, $124,000,000 of Class D notes and $56,000,000 of Class E notes. The sponsor will make the determination regarding the aggregate initial principal amount of the notes based on, among other considerations, market conditions at the time of pricing. See “Risk Factors—The issuing entity has issued multiple classes of notes, and your notes may be more sensitive to losses, be affected by conflicts of interest between classes and have reduced liquidity or voting power because of an unknown retention of notes—The market value, liquidity and voting power of your notes may be adversely impacted by retention of notes by the depositor or its affiliates or by the unknown aggregate initial principal amount of the notes.” (5) Plus accrued interest, if any, from the closing date.","(1) The aggregate initial principal amount of the offered notes will be $526,510,000 if the Base Transaction is issued or $624,000,000 if the Upsize Transaction is issued. The sponsor will make the determination regarding the aggregate initial principal amount of the notes based on, among other considerations, market conditions at the time of pricing. See “Risk Factors—The issuing entity has issued multiple classes of notes, and your notes may be more sensitive to losses, be affected by conflicts of interest between classes and have reduced liquidity or voting power because of an unknown retention of notes—The market value, liquidity and voting power of your notes may be adversely impacted by retention of notes by the depositor or its affiliates or by the unknown aggregate initial principal amount of the notes.” (2) The Class E notes are not being offered hereby and are anticipated to be either privately placed or retained by the depositor or another affiliate of BAC. The Class E notes will be entitled to certain payments as described herein. (3) All or a portion of one or more of the classes of notes offered hereby may be initially retained by the depositor or an affiliate thereof. (4) If the Upsize Transaction is issued, the following notes will be issued: $96,000,000 of Class A-1 notes, $128,000,000 of Class A-2 notes, $112,000,000 of Class A-3 notes, $64,000,000 of Class B notes, $100,000,000 of Class C notes, $124,000,000 of Class D notes and $56,000,000 of Class E notes. The sponsor will make the determination regarding the aggregate initial principal amount of the notes based on, among other considerations, market conditions at the time of pricing. See “Risk Factors—The issuing entity has issued multiple classes of notes, and your notes may be more sensitive to losses, be affected by conflicts of interest between classes and have reduced liquidity or voting power because of an unknown retention of notes—The market value, liquidity and voting power of your notes may be adversely impacted by retention of notes by the depositor or its affiliates or by the unknown aggregate initial principal amount of the notes.” (5) Plus accrued interest, if any, from the closing date.","(1) The aggregate initial principal amount of the offered notes will be $526,510,000 if the Base Transaction is issued or $624,000,000 if the Upsize Transaction is issued. The sponsor will make the determination regarding the aggregate initial principal amount of the notes based on, among other considerations, market conditions at the time of pricing. See “Risk Factors—The issuing entity has issued multiple classes of notes, and your notes may be more sensitive to losses, be affected by conflicts of interest between classes and have reduced liquidity or voting power because of an unknown retention of notes—The market value, liquidity and voting power of your notes may be adversely impacted by retention of notes by the depositor or its affiliates or by the unknown aggregate initial principal amount of the notes.” (2) The Class E notes are not being offered hereby and are anticipated to be either privately placed or retained by the depositor or another affiliate of BAC. The Class E notes will be entitled to certain payments as described herein. (3) All or a portion of one or more of the classes of notes offered hereby may be initially retained by the depositor or an affiliate thereof. (4) If the Upsize Transaction is issued, the following notes will be issued: $96,000,000 of Class A-1 notes, $128,000,000 of Class A-2 notes, $112,000,000 of Class A-3 notes, $64,000,000 of Class B notes, $100,000,000 of Class C notes, $124,000,000 of Class D notes and $56,000,000 of Class E notes. The sponsor will make the determination regarding the aggregate initial principal amount of the notes based on, among other considerations, market conditions at the time of pricing. See “Risk Factors—The issuing entity has issued multiple classes of notes, and your notes may be more sensitive to losses, be affected by conflicts of interest between classes and have reduced liquidity or voting power because of an unknown retention of notes—The market value, liquidity and voting power of your notes may be adversely impacted by retention of notes by the depositor or its affiliates or by the unknown aggregate initial principal amount of the notes.” (5) Plus accrued interest, if any, from the closing date.","(1) The aggregate initial principal amount of the offered notes will be $526,510,000 if the Base Transaction is issued or $624,000,000 if the Upsize Transaction is issued. The sponsor will make the determination regarding the aggregate initial principal amount of the notes based on, among other considerations, market conditions at the time of pricing. See “Risk Factors—The issuing entity has issued multiple classes of notes, and your notes may be more sensitive to losses, be affected by conflicts of interest between classes and have reduced liquidity or voting power because of an unknown retention of notes—The market value, liquidity and voting power of your notes may be adversely impacted by retention of notes by the depositor or its affiliates or by the unknown aggregate initial principal amount of the notes.” (2) The Class E notes are not being offered hereby and are anticipated to be either privately placed or retained by the depositor or another affiliate of BAC. The Class E notes will be entitled to certain payments as described herein. (3) All or a portion of one or more of the classes of notes offered hereby may be initially retained by the depositor or an affiliate thereof. (4) If the Upsize Transaction is issued, the following notes will be issued: $96,000,000 of Class A-1 notes, $128,000,000 of Class A-2 notes, $112,000,000 of Class A-3 notes, $64,000,000 of Class B notes, $100,000,000 of Class C notes, $124,000,000 of Class D notes and $56,000,000 of Class E notes. The sponsor will make the determination regarding the aggregate initial principal amount of the notes based on, among other considerations, market conditions at the time of pricing. See “Risk Factors—The issuing entity has issued multiple classes of notes, and your notes may be more sensitive to losses, be affected by conflicts of interest between classes and have reduced liquidity or voting power because of an unknown retention of notes—The market value, liquidity and voting power of your notes may be adversely impacted by retention of notes by the depositor or its affiliates or by the unknown aggregate initial principal amount of the notes.” (5) Plus accrued interest, if any, from the closing date.","(1) The aggregate initial principal amount of the offered notes will be $526,510,000 if the Base Transaction is issued or $624,000,000 if the Upsize Transaction is issued. The sponsor will make the determination regarding the aggregate initial principal amount of the notes based on, among other considerations, market conditions at the time of pricing. See “Risk Factors—The issuing entity has issued multiple classes of notes, and your notes may be more sensitive to losses, be affected by conflicts of interest between classes and have reduced liquidity or voting power because of an unknown retention of notes—The market value, liquidity and voting power of your notes may be adversely impacted by retention of notes by the depositor or its affiliates or by the unknown aggregate initial principal amount of the notes.” (2) The Class E notes are not being offered hereby and are anticipated to be either privately placed or retained by the depositor or another affiliate of BAC. The Class E notes will be entitled to certain payments as described herein. (3) All or a portion of one or more of the classes of notes offered hereby may be initially retained by the depositor or an affiliate thereof. (4) If the Upsize Transaction is issued, the following notes will be issued: $96,000,000 of Class A-1 notes, $128,000,000 of Class A-2 notes, $112,000,000 of Class A-3 notes, $64,000,000 of Class B notes, $100,000,000 of Class C notes, $124,000,000 of Class D notes and $56,000,000 of Class E notes. The sponsor will make the determination regarding the aggregate initial principal amount of the notes based on, among other considerations, market conditions at the time of pricing. See “Risk Factors—The issuing entity has issued multiple classes of notes, and your notes may be more sensitive to losses, be affected by conflicts of interest between classes and have reduced liquidity or voting power because of an unknown retention of notes—The market value, liquidity and voting power of your notes may be adversely impacted by retention of notes by the depositor or its affiliates or by the unknown aggregate initial principal amount of the notes.” (5) Plus accrued interest, if any, from the closing date.",
,,,,"(1) The aggregate initial principal amount of the offered notes will be $526,510,000 if the Base Transaction is issued or $624,000,000 if the Upsize Transaction is issued. The sponsor will make the determination regarding the aggregate initial principal amount of the notes based on, among other considerations, market conditions at the time of pricing. See “Risk Factors—The issuing entity has issued multiple classes of notes, and your notes may be more sensitive to losses, be affected by conflicts of interest between classes and have reduced liquidity or voting power because of an unknown retention of notes—The market value, liquidity and voting power of your notes may be adversely impacted by retention of notes by the depositor or its affiliates or by the unknown aggregate initial principal amount of the notes.” (2) The Class E notes are not being offered hereby and are anticipated to be either privately placed or retained by the depositor or another affiliate of BAC. The Class E notes will be entitled to certain payments as described herein. (3) All or a portion of one or more of the classes of notes offered hereby may be initially retained by the depositor or an affiliate thereof. (4) If the Upsize Transaction is issued, the following notes will be issued: $96,000,000 of Class A-1 notes, $128,000,000 of Class A-2 notes, $112,000,000 of Class A-3 notes, $64,000,000 of Class B notes, $100,000,000 of Class C notes, $124,000,000 of Class D notes and $56,000,000 of Class E notes. The sponsor will make the determination regarding the aggregate initial principal amount of the notes based on, among other considerations, market conditions at the time of pricing. See “Risk Factors—The issuing entity has issued multiple classes of notes, and your notes may be more sensitive to losses, be affected by conflicts of interest between classes and have reduced liquidity or voting power because of an unknown retention of notes—The market value, liquidity and voting power of your notes may be adversely impacted by retention of notes by the depositor or its affiliates or by the unknown aggregate initial principal amount of the notes.” (5) Plus accrued interest, if any, from the closing date.","(1) The aggregate initial principal amount of the offered notes will be $526,510,000 if the Base Transaction is issued or $624,000,000 if the Upsize Transaction is issued. The sponsor will make the determination regarding the aggregate initial principal amount of the notes based on, among other considerations, market conditions at the time of pricing. See “Risk Factors—The issuing entity has issued multiple classes of notes, and your notes may be more sensitive to losses, be affected by conflicts of interest between classes and have reduced liquidity or voting power because of an unknown retention of notes—The market value, liquidity and voting power of your notes may be adversely impacted by retention of notes by the depositor or its affiliates or by the unknown aggregate initial principal amount of the notes.” (2) The Class E notes are not being offered hereby and are anticipated to be either privately placed or retained by the depositor or another affiliate of BAC. The Class E notes will be entitled to certain payments as described herein. (3) All or a portion of one or more of the classes of notes offered hereby may be initially retained by the depositor or an affiliate thereof. (4) If the Upsize Transaction is issued, the following notes will be issued: $96,000,000 of Class A-1 notes, $128,000,000 of Class A-2 notes, $112,000,000 of Class A-3 notes, $64,000,000 of Class B notes, $100,000,000 of Class C notes, $124,000,000 of Class D notes and $56,000,000 of Class E notes. The sponsor will make the determination regarding the aggregate initial principal amount of the notes based on, among other considerations, market conditions at the time of pricing. See “Risk Factors—The issuing entity has issued multiple classes of notes, and your notes may be more sensitive to losses, be affected by conflicts of interest between classes and have reduced liquidity or voting power because of an unknown retention of notes—The market value, liquidity and voting power of your notes may be adversely impacted by retention of notes by the depositor or its affiliates or by the unknown aggregate initial principal amount of the notes.” (5) Plus accrued interest, if any, from the closing date.","(1) The aggregate initial principal amount of the offered notes will be $526,510,000 if the Base Transaction is issued or $624,000,000 if the Upsize Transaction is issued. The sponsor will make the determination regarding the aggregate initial principal amount of the notes based on, among other considerations, market conditions at the time of pricing. See “Risk Factors—The issuing entity has issued multiple classes of notes, and your notes may be more sensitive to losses, be affected by conflicts of interest between classes and have reduced liquidity or voting power because of an unknown retention of notes—The market value, liquidity and voting power of your notes may be adversely impacted by retention of notes by the depositor or its affiliates or by the unknown aggregate initial principal amount of the notes.” (2) The Class E notes are not being offered hereby and are anticipated to be either privately placed or retained by the depositor or another affiliate of BAC. The Class E notes will be entitled to certain payments as described herein. (3) All or a portion of one or more of the classes of notes offered hereby may be initially retained by the depositor or an affiliate thereof. (4) If the Upsize Transaction is issued, the following notes will be issued: $96,000,000 of Class A-1 notes, $128,000,000 of Class A-2 notes, $112,000,000 of Class A-3 notes, $64,000,000 of Class B notes, $100,000,000 of Class C notes, $124,000,000 of Class D notes and $56,000,000 of Class E notes. The sponsor will make the determination regarding the aggregate initial principal amount of the notes based on, among other considerations, market conditions at the time of pricing. See “Risk Factors—The issuing entity has issued multiple classes of notes, and your notes may be more sensitive to losses, be affected by conflicts of interest between classes and have reduced liquidity or voting power because of an unknown retention of notes—The market value, liquidity and voting power of your notes may be adversely impacted by retention of notes by the depositor or its affiliates or by the unknown aggregate initial principal amount of the notes.” (5) Plus accrued interest, if any, from the closing date.","(1) The aggregate initial principal amount of the offered notes will be $526,510,000 if the Base Transaction is issued or $624,000,000 if the Upsize Transaction is issued. The sponsor will make the determination regarding the aggregate initial principal amount of the notes based on, among other considerations, market conditions at the time of pricing. See “Risk Factors—The issuing entity has issued multiple classes of notes, and your notes may be more sensitive to losses, be affected by conflicts of interest between classes and have reduced liquidity or voting power because of an unknown retention of notes—The market value, liquidity and voting power of your notes may be adversely impacted by retention of notes by the depositor or its affiliates or by the unknown aggregate initial principal amount of the notes.” (2) The Class E notes are not being offered hereby and are anticipated to be either privately placed or retained by the depositor or another affiliate of BAC. The Class E notes will be entitled to certain payments as described herein. (3) All or a portion of one or more of the classes of notes offered hereby may be initially retained by the depositor or an affiliate thereof. (4) If the Upsize Transaction is issued, the following notes will be issued: $96,000,000 of Class A-1 notes, $128,000,000 of Class A-2 notes, $112,000,000 of Class A-3 notes, $64,000,000 of Class B notes, $100,000,000 of Class C notes, $124,000,000 of Class D notes and $56,000,000 of Class E notes. The sponsor will make the determination regarding the aggregate initial principal amount of the notes based on, among other considerations, market conditions at the time of pricing. See “Risk Factors—The issuing entity has issued multiple classes of notes, and your notes may be more sensitive to losses, be affected by conflicts of interest between classes and have reduced liquidity or voting power because of an unknown retention of notes—The market value, liquidity and voting power of your notes may be adversely impacted by retention of notes by the depositor or its affiliates or by the unknown aggregate initial principal amount of the notes.” (5) Plus accrued interest, if any, from the closing date.","(1) The aggregate initial principal amount of the offered notes will be $526,510,000 if the Base Transaction is issued or $624,000,000 if the Upsize Transaction is issued. The sponsor will make the determination regarding the aggregate initial principal amount of the notes based on, among other considerations, market conditions at the time of pricing. See “Risk Factors—The issuing entity has issued multiple classes of notes, and your notes may be more sensitive to losses, be affected by conflicts of interest between classes and have reduced liquidity or voting power because of an unknown retention of notes—The market value, liquidity and voting power of your notes may be adversely impacted by retention of notes by the depositor or its affiliates or by the unknown aggregate initial principal amount of the notes.” (2) The Class E notes are not being offered hereby and are anticipated to be either privately placed or retained by the depositor or another affiliate of BAC. The Class E notes will be entitled to certain payments as described herein. (3) All or a portion of one or more of the classes of notes offered hereby may be initially retained by the depositor or an affiliate thereof. (4) If the Upsize Transaction is issued, the following notes will be issued: $96,000,000 of Class A-1 notes, $128,000,000 of Class A-2 notes, $112,000,000 of Class A-3 notes, $64,000,000 of Class B notes, $100,000,000 of Class C notes, $124,000,000 of Class D notes and $56,000,000 of Class E notes. The sponsor will make the determination regarding the aggregate initial principal amount of the notes based on, among other considerations, market conditions at the time of pricing. See “Risk Factors—The issuing entity has issued multiple classes of notes, and your notes may be more sensitive to losses, be affected by conflicts of interest between classes and have reduced liquidity or voting power because of an unknown retention of notes—The market value, liquidity and voting power of your notes may be adversely impacted by retention of notes by the depositor or its affiliates or by the unknown aggregate initial principal amount of the notes.” (5) Plus accrued interest, if any, from the closing date.","(1) The aggregate initial principal amount of the offered notes will be $526,510,000 if the Base Transaction is issued or $624,000,000 if the Upsize Transaction is issued. The sponsor will make the determination regarding the aggregate initial principal amount of the notes based on, among other considerations, market conditions at the time of pricing. See “Risk Factors—The issuing entity has issued multiple classes of notes, and your notes may be more sensitive to losses, be affected by conflicts of interest between classes and have reduced liquidity or voting power because of an unknown retention of notes—The market value, liquidity and voting power of your notes may be adversely impacted by retention of notes by the depositor or its affiliates or by the unknown aggregate initial principal amount of the notes.” (2) The Class E notes are not being offered hereby and are anticipated to be either privately placed or retained by the depositor or another affiliate of BAC. The Class E notes will be entitled to certain payments as described herein. (3) All or a portion of one or more of the classes of notes offered hereby may be initially retained by the depositor or an affiliate thereof. (4) If the Upsize Transaction is issued, the following notes will be issued: $96,000,000 of Class A-1 notes, $128,000,000 of Class A-2 notes, $112,000,000 of Class A-3 notes, $64,000,000 of Class B notes, $100,000,000 of Class C notes, $124,000,000 of Class D notes and $56,000,000 of Class E notes. The sponsor will make the determination regarding the aggregate initial principal amount of the notes based on, among other considerations, market conditions at the time of pricing. See “Risk Factors—The issuing entity has issued multiple classes of notes, and your notes may be more sensitive to losses, be affected by conflicts of interest between classes and have reduced liquidity or voting power because of an unknown retention of notes—The market value, liquidity and voting power of your notes may be adversely impacted by retention of notes by the depositor or its affiliates or by the unknown aggregate initial principal amount of the notes.” (5) Plus accrued interest, if any, from the closing date.","(1) The aggregate initial principal amount of the offered notes will be $526,510,000 if the Base Transaction is issued or $624,000,000 if the Upsize Transaction is issued. The sponsor will make the determination regarding the aggregate initial principal amount of the notes based on, among other considerations, market conditions at the time of pricing. See “Risk Factors—The issuing entity has issued multiple classes of notes, and your notes may be more sensitive to losses, be affected by conflicts of interest between classes and have reduced liquidity or voting power because of an unknown retention of notes—The market value, liquidity and voting power of your notes may be adversely impacted by retention of notes by the depositor or its affiliates or by the unknown aggregate initial principal amount of the notes.” (2) The Class E notes are not being offered hereby and are anticipated to be either privately placed or retained by the depositor or another affiliate of BAC. The Class E notes will be entitled to certain payments as described herein. (3) All or a portion of one or more of the classes of notes offered hereby may be initially retained by the depositor or an affiliate thereof. (4) If the Upsize Transaction is issued, the following notes will be issued: $96,000,000 of Class A-1 notes, $128,000,000 of Class A-2 notes, $112,000,000 of Class A-3 notes, $64,000,000 of Class B notes, $100,000,000 of Class C notes, $124,000,000 of Class D notes and $56,000,000 of Class E notes. The sponsor will make the determination regarding the aggregate initial principal amount of the notes based on, among other considerations, market conditions at the time of pricing. See “Risk Factors—The issuing entity has issued multiple classes of notes, and your notes may be more sensitive to losses, be affected by conflicts of interest between classes and have reduced liquidity or voting power because of an unknown retention of notes—The market value, liquidity and voting power of your notes may be adversely impacted by retention of notes by the depositor or its affiliates or by the unknown aggregate initial principal amount of the notes.” (5) Plus accrued interest, if any, from the closing date.","(1) The aggregate initial principal amount of the offered notes will be $526,510,000 if the Base Transaction is issued or $624,000,000 if the Upsize Transaction is issued. The sponsor will make the determination regarding the aggregate initial principal amount of the notes based on, among other considerations, market conditions at the time of pricing. See “Risk Factors—The issuing entity has issued multiple classes of notes, and your notes may be more sensitive to losses, be affected by conflicts of interest between classes and have reduced liquidity or voting power because of an unknown retention of notes—The market value, liquidity and voting power of your notes may be adversely impacted by retention of notes by the depositor or its affiliates or by the unknown aggregate initial principal amount of the notes.” (2) The Class E notes are not being offered hereby and are anticipated to be either privately placed or retained by the depositor or another affiliate of BAC. The Class E notes will be entitled to certain payments as described herein. (3) All or a portion of one or more of the classes of notes offered hereby may be initially retained by the depositor or an affiliate thereof. (4) If the Upsize Transaction is issued, the following notes will be issued: $96,000,000 of Class A-1 notes, $128,000,000 of Class A-2 notes, $112,000,000 of Class A-3 notes, $64,000,000 of Class B notes, $100,000,000 of Class C notes, $124,000,000 of Class D notes and $56,000,000 of Class E notes. The sponsor will make the determination regarding the aggregate initial principal amount of the notes based on, among other considerations, market conditions at the time of pricing. See “Risk Factors—The issuing entity has issued multiple classes of notes, and your notes may be more sensitive to losses, be affected by conflicts of interest between classes and have reduced liquidity or voting power because of an unknown retention of notes—The market value, liquidity and voting power of your notes may be adversely impacted by retention of notes by the depositor or its affiliates or by the unknown aggregate initial principal amount of the notes.” (5) Plus accrued interest, if any, from the closing date.","(1) The aggregate initial principal amount of the offered notes will be $526,510,000 if the Base Transaction is issued or $624,000,000 if the Upsize Transaction is issued. The sponsor will make the determination regarding the aggregate initial principal amount of the notes based on, among other considerations, market conditions at the time of pricing. See “Risk Factors—The issuing entity has issued multiple classes of notes, and your notes may be more sensitive to losses, be affected by conflicts of interest between classes and have reduced liquidity or voting power because of an unknown retention of notes—The market value, liquidity and voting power of your notes may be adversely impacted by retention of notes by the depositor or its affiliates or by the unknown aggregate initial principal amount of the notes.” (2) The Class E notes are not being offered hereby and are anticipated to be either privately placed or retained by the depositor or another affiliate of BAC. The Class E notes will be entitled to certain payments as described herein. (3) All or a portion of one or more of the classes of notes offered hereby may be initially retained by the depositor or an affiliate thereof. (4) If the Upsize Transaction is issued, the following notes will be issued: $96,000,000 of Class A-1 notes, $128,000,000 of Class A-2 notes, $112,000,000 of Class A-3 notes, $64,000,000 of Class B notes, $100,000,000 of Class C notes, $124,000,000 of Class D notes and $56,000,000 of Class E notes. The sponsor will make the determination regarding the aggregate initial principal amount of the notes based on, among other considerations, market conditions at the time of pricing. See “Risk Factors—The issuing entity has issued multiple classes of notes, and your notes may be more sensitive to losses, be affected by conflicts of interest between classes and have reduced liquidity or voting power because of an unknown retention of notes—The market value, liquidity and voting power of your notes may be adversely impacted by retention of notes by the depositor or its affiliates or by the unknown aggregate initial principal amount of the notes.” (5) Plus accrued interest, if any, from the closing date.","(1) The aggregate initial principal amount of the offered notes will be $526,510,000 if the Base Transaction is issued or $624,000,000 if the Upsize Transaction is issued. The sponsor will make the determination regarding the aggregate initial principal amount of the notes based on, among other considerations, market conditions at the time of pricing. See “Risk Factors—The issuing entity has issued multiple classes of notes, and your notes may be more sensitive to losses, be affected by conflicts of interest between classes and have reduced liquidity or voting power because of an unknown retention of notes—The market value, liquidity and voting power of your notes may be adversely impacted by retention of notes by the depositor or its affiliates or by the unknown aggregate initial principal amount of the notes.” (2) The Class E notes are not being offered hereby and are anticipated to be either privately placed or retained by the depositor or another affiliate of BAC. The Class E notes will be entitled to certain payments as described herein. (3) All or a portion of one or more of the classes of notes offered hereby may be initially retained by the depositor or an affiliate thereof. (4) If the Upsize Transaction is issued, the following notes will be issued: $96,000,000 of Class A-1 notes, $128,000,000 of Class A-2 notes, $112,000,000 of Class A-3 notes, $64,000,000 of Class B notes, $100,000,000 of Class C notes, $124,000,000 of Class D notes and $56,000,000 of Class E notes. The sponsor will make the determination regarding the aggregate initial principal amount of the notes based on, among other considerations, market conditions at the time of pricing. See “Risk Factors—The issuing entity has issued multiple classes of notes, and your notes may be more sensitive to losses, be affected by conflicts of interest between classes and have reduced liquidity or voting power because of an unknown retention of notes—The market value, liquidity and voting power of your notes may be adversely impacted by retention of notes by the depositor or its affiliates or by the unknown aggregate initial principal amount of the notes.” (5) Plus accrued interest, if any, from the closing date.","(1) The aggregate initial principal amount of the offered notes will be $526,510,000 if the Base Transaction is issued or $624,000,000 if the Upsize Transaction is issued. The sponsor will make the determination regarding the aggregate initial principal amount of the notes based on, among other considerations, market conditions at the time of pricing. See “Risk Factors—The issuing entity has issued multiple classes of notes, and your notes may be more sensitive to losses, be affected by conflicts of interest between classes and have reduced liquidity or voting power because of an unknown retention of notes—The market value, liquidity and voting power of your notes may be adversely impacted by retention of notes by the depositor or its affiliates or by the unknown aggregate initial principal amount of the notes.” (2) The Class E notes are not being offered hereby and are anticipated to be either privately placed or retained by the depositor or another affiliate of BAC. The Class E notes will be entitled to certain payments as described herein. (3) All or a portion of one or more of the classes of notes offered hereby may be initially retained by the depositor or an affiliate thereof. (4) If the Upsize Transaction is issued, the following notes will be issued: $96,000,000 of Class A-1 notes, $128,000,000 of Class A-2 notes, $112,000,000 of Class A-3 notes, $64,000,000 of Class B notes, $100,000,000 of Class C notes, $124,000,000 of Class D notes and $56,000,000 of Class E notes. The sponsor will make the determination regarding the aggregate initial principal amount of the notes based on, among other considerations, market conditions at the time of pricing. See “Risk Factors—The issuing entity has issued multiple classes of notes, and your notes may be more sensitive to losses, be affected by conflicts of interest between classes and have reduced liquidity or voting power because of an unknown retention of notes—The market value, liquidity and voting power of your notes may be adversely impacted by retention of notes by the depositor or its affiliates or by the unknown aggregate initial principal amount of the notes.” (5) Plus accrued interest, if any, from the closing date.","(1) The aggregate initial principal amount of the offered notes will be $526,510,000 if the Base Transaction is issued or $624,000,000 if the Upsize Transaction is issued. The sponsor will make the determination regarding the aggregate initial principal amount of the notes based on, among other considerations, market conditions at the time of pricing. See “Risk Factors—The issuing entity has issued multiple classes of notes, and your notes may be more sensitive to losses, be affected by conflicts of interest between classes and have reduced liquidity or voting power because of an unknown retention of notes—The market value, liquidity and voting power of your notes may be adversely impacted by retention of notes by the depositor or its affiliates or by the unknown aggregate initial principal amount of the notes.” (2) The Class E notes are not being offered hereby and are anticipated to be either privately placed or retained by the depositor or another affiliate of BAC. The Class E notes will be entitled to certain payments as described herein. (3) All or a portion of one or more of the classes of notes offered hereby may be initially retained by the depositor or an affiliate thereof. (4) If the Upsize Transaction is issued, the following notes will be issued: $96,000,000 of Class A-1 notes, $128,000,000 of Class A-2 notes, $112,000,000 of Class A-3 notes, $64,000,000 of Class B notes, $100,000,000 of Class C notes, $124,000,000 of Class D notes and $56,000,000 of Class E notes. The sponsor will make the determination regarding the aggregate initial principal amount of the notes based on, among other considerations, market conditions at the time of pricing. See “Risk Factors—The issuing entity has issued multiple classes of notes, and your notes may be more sensitive to losses, be affected by conflicts of interest between classes and have reduced liquidity or voting power because of an unknown retention of notes—The market value, liquidity and voting power of your notes may be adversely impacted by retention of notes by the depositor or its affiliates or by the unknown aggregate initial principal amount of the notes.” (5) Plus accrued interest, if any, from the closing date.",
,,,,"(1) The aggregate initial principal amount of the offered notes will be $526,510,000 if the Base Transaction is issued or $624,000,000 if the Upsize Transaction is issued. The sponsor will make the determination regarding the aggregate initial principal amount of the notes based on, among other considerations, market conditions at the time of pricing. See “Risk Factors—The issuing entity has issued multiple classes of notes, and your notes may be more sensitive to losses, be affected by conflicts of interest between classes and have reduced liquidity or voting power because of an unknown retention of notes—The market value, liquidity and voting power of your notes may be adversely impacted by retention of notes by the depositor or its affiliates or by the unknown aggregate initial principal amount of the notes.” (2) The Class E notes are not being offered hereby and are anticipated to be either privately placed or retained by the depositor or another affiliate of BAC. The Class E notes will be entitled to certain payments as described herein. (3) All or a portion of one or more of the classes of notes offered hereby may be initially retained by the depositor or an affiliate thereof. (4) If the Upsize Transaction is issued, the following notes will be issued: $96,000,000 of Class A-1 notes, $128,000,000 of Class A-2 notes, $112,000,000 of Class A-3 notes, $64,000,000 of Class B notes, $100,000,000 of Class C notes, $124,000,000 of Class D notes and $56,000,000 of Class E notes. The sponsor will make the determination regarding the aggregate initial principal amount of the notes based on, among other considerations, market conditions at the time of pricing. See “Risk Factors—The issuing entity has issued multiple classes of notes, and your notes may be more sensitive to losses, be affected by conflicts of interest between classes and have reduced liquidity or voting power because of an unknown retention of notes—The market value, liquidity and voting power of your notes may be adversely impacted by retention of notes by the depositor or its affiliates or by the unknown aggregate initial principal amount of the notes.” (5) Plus accrued interest, if any, from the closing date.","(1) The aggregate initial principal amount of the offered notes will be $526,510,000 if the Base Transaction is issued or $624,000,000 if the Upsize Transaction is issued. The sponsor will make the determination regarding the aggregate initial principal amount of the notes based on, among other considerations, market conditions at the time of pricing. See “Risk Factors—The issuing entity has issued multiple classes of notes, and your notes may be more sensitive to losses, be affected by conflicts of interest between classes and have reduced liquidity or voting power because of an unknown retention of notes—The market value, liquidity and voting power of your notes may be adversely impacted by retention of notes by the depositor or its affiliates or by the unknown aggregate initial principal amount of the notes.” (2) The Class E notes are not being offered hereby and are anticipated to be either privately placed or retained by the depositor or another affiliate of BAC. The Class E notes will be entitled to certain payments as described herein. (3) All or a portion of one or more of the classes of notes offered hereby may be initially retained by the depositor or an affiliate thereof. (4) If the Upsize Transaction is issued, the following notes will be issued: $96,000,000 of Class A-1 notes, $128,000,000 of Class A-2 notes, $112,000,000 of Class A-3 notes, $64,000,000 of Class B notes, $100,000,000 of Class C notes, $124,000,000 of Class D notes and $56,000,000 of Class E notes. The sponsor will make the determination regarding the aggregate initial principal amount of the notes based on, among other considerations, market conditions at the time of pricing. See “Risk Factors—The issuing entity has issued multiple classes of notes, and your notes may be more sensitive to losses, be affected by conflicts of interest between classes and have reduced liquidity or voting power because of an unknown retention of notes—The market value, liquidity and voting power of your notes may be adversely impacted by retention of notes by the depositor or its affiliates or by the unknown aggregate initial principal amount of the notes.” (5) Plus accrued interest, if any, from the closing date.","(1) The aggregate initial principal amount of the offered notes will be $526,510,000 if the Base Transaction is issued or $624,000,000 if the Upsize Transaction is issued. The sponsor will make the determination regarding the aggregate initial principal amount of the notes based on, among other considerations, market conditions at the time of pricing. See “Risk Factors—The issuing entity has issued multiple classes of notes, and your notes may be more sensitive to losses, be affected by conflicts of interest between classes and have reduced liquidity or voting power because of an unknown retention of notes—The market value, liquidity and voting power of your notes may be adversely impacted by retention of notes by the depositor or its affiliates or by the unknown aggregate initial principal amount of the notes.” (2) The Class E notes are not being offered hereby and are anticipated to be either privately placed or retained by the depositor or another affiliate of BAC. The Class E notes will be entitled to certain payments as described herein. (3) All or a portion of one or more of the classes of notes offered hereby may be initially retained by the depositor or an affiliate thereof. (4) If the Upsize Transaction is issued, the following notes will be issued: $96,000,000 of Class A-1 notes, $128,000,000 of Class A-2 notes, $112,000,000 of Class A-3 notes, $64,000,000 of Class B notes, $100,000,000 of Class C notes, $124,000,000 of Class D notes and $56,000,000 of Class E notes. The sponsor will make the determination regarding the aggregate initial principal amount of the notes based on, among other considerations, market conditions at the time of pricing. See “Risk Factors—The issuing entity has issued multiple classes of notes, and your notes may be more sensitive to losses, be affected by conflicts of interest between classes and have reduced liquidity or voting power because of an unknown retention of notes—The market value, liquidity and voting power of your notes may be adversely impacted by retention of notes by the depositor or its affiliates or by the unknown aggregate initial principal amount of the notes.” (5) Plus accrued interest, if any, from the closing date.","(1) The aggregate initial principal amount of the offered notes will be $526,510,000 if the Base Transaction is issued or $624,000,000 if the Upsize Transaction is issued. The sponsor will make the determination regarding the aggregate initial principal amount of the notes based on, among other considerations, market conditions at the time of pricing. See “Risk Factors—The issuing entity has issued multiple classes of notes, and your notes may be more sensitive to losses, be affected by conflicts of interest between classes and have reduced liquidity or voting power because of an unknown retention of notes—The market value, liquidity and voting power of your notes may be adversely impacted by retention of notes by the depositor or its affiliates or by the unknown aggregate initial principal amount of the notes.” (2) The Class E notes are not being offered hereby and are anticipated to be either privately placed or retained by the depositor or another affiliate of BAC. The Class E notes will be entitled to certain payments as described herein. (3) All or a portion of one or more of the classes of notes offered hereby may be initially retained by the depositor or an affiliate thereof. (4) If the Upsize Transaction is issued, the following notes will be issued: $96,000,000 of Class A-1 notes, $128,000,000 of Class A-2 notes, $112,000,000 of Class A-3 notes, $64,000,000 of Class B notes, $100,000,000 of Class C notes, $124,000,000 of Class D notes and $56,000,000 of Class E notes. The sponsor will make the determination regarding the aggregate initial principal amount of the notes based on, among other considerations, market conditions at the time of pricing. See “Risk Factors—The issuing entity has issued multiple classes of notes, and your notes may be more sensitive to losses, be affected by conflicts of interest between classes and have reduced liquidity or voting power because of an unknown retention of notes—The market value, liquidity and voting power of your notes may be adversely impacted by retention of notes by the depositor or its affiliates or by the unknown aggregate initial principal amount of the notes.” (5) Plus accrued interest, if any, from the closing date.","(1) The aggregate initial principal amount of the offered notes will be $526,510,000 if the Base Transaction is issued or $624,000,000 if the Upsize Transaction is issued. The sponsor will make the determination regarding the aggregate initial principal amount of the notes based on, among other considerations, market conditions at the time of pricing. See “Risk Factors—The issuing entity has issued multiple classes of notes, and your notes may be more sensitive to losses, be affected by conflicts of interest between classes and have reduced liquidity or voting power because of an unknown retention of notes—The market value, liquidity and voting power of your notes may be adversely impacted by retention of notes by the depositor or its affiliates or by the unknown aggregate initial principal amount of the notes.” (2) The Class E notes are not being offered hereby and are anticipated to be either privately placed or retained by the depositor or another affiliate of BAC. The Class E notes will be entitled to certain payments as described herein. (3) All or a portion of one or more of the classes of notes offered hereby may be initially retained by the depositor or an affiliate thereof. (4) If the Upsize Transaction is issued, the following notes will be issued: $96,000,000 of Class A-1 notes, $128,000,000 of Class A-2 notes, $112,000,000 of Class A-3 notes, $64,000,000 of Class B notes, $100,000,000 of Class C notes, $124,000,000 of Class D notes and $56,000,000 of Class E notes. The sponsor will make the determination regarding the aggregate initial principal amount of the notes based on, among other considerations, market conditions at the time of pricing. See “Risk Factors—The issuing entity has issued multiple classes of notes, and your notes may be more sensitive to losses, be affected by conflicts of interest between classes and have reduced liquidity or voting power because of an unknown retention of notes—The market value, liquidity and voting power of your notes may be adversely impacted by retention of notes by the depositor or its affiliates or by the unknown aggregate initial principal amount of the notes.” (5) Plus accrued interest, if any, from the closing date.","(1) The aggregate initial principal amount of the offered notes will be $526,510,000 if the Base Transaction is issued or $624,000,000 if the Upsize Transaction is issued. The sponsor will make the determination regarding the aggregate initial principal amount of the notes based on, among other considerations, market conditions at the time of pricing. See “Risk Factors—The issuing entity has issued multiple classes of notes, and your notes may be more sensitive to losses, be affected by conflicts of interest between classes and have reduced liquidity or voting power because of an unknown retention of notes—The market value, liquidity and voting power of your notes may be adversely impacted by retention of notes by the depositor or its affiliates or by the unknown aggregate initial principal amount of the notes.” (2) The Class E notes are not being offered hereby and are anticipated to be either privately placed or retained by the depositor or another affiliate of BAC. The Class E notes will be entitled to certain payments as described herein. (3) All or a portion of one or more of the classes of notes offered hereby may be initially retained by the depositor or an affiliate thereof. (4) If the Upsize Transaction is issued, the following notes will be issued: $96,000,000 of Class A-1 notes, $128,000,000 of Class A-2 notes, $112,000,000 of Class A-3 notes, $64,000,000 of Class B notes, $100,000,000 of Class C notes, $124,000,000 of Class D notes and $56,000,000 of Class E notes. The sponsor will make the determination regarding the aggregate initial principal amount of the notes based on, among other considerations, market conditions at the time of pricing. See “Risk Factors—The issuing entity has issued multiple classes of notes, and your notes may be more sensitive to losses, be affected by conflicts of interest between classes and have reduced liquidity or voting power because of an unknown retention of notes—The market value, liquidity and voting power of your notes may be adversely impacted by retention of notes by the depositor or its affiliates or by the unknown aggregate initial principal amount of the notes.” (5) Plus accrued interest, if any, from the closing date.","(1) The aggregate initial principal amount of the offered notes will be $526,510,000 if the Base Transaction is issued or $624,000,000 if the Upsize Transaction is issued. The sponsor will make the determination regarding the aggregate initial principal amount of the notes based on, among other considerations, market conditions at the time of pricing. See “Risk Factors—The issuing entity has issued multiple classes of notes, and your notes may be more sensitive to losses, be affected by conflicts of interest between classes and have reduced liquidity or voting power because of an unknown retention of notes—The market value, liquidity and voting power of your notes may be adversely impacted by retention of notes by the depositor or its affiliates or by the unknown aggregate initial principal amount of the notes.” (2) The Class E notes are not being offered hereby and are anticipated to be either privately placed or retained by the depositor or another affiliate of BAC. The Class E notes will be entitled to certain payments as described herein. (3) All or a portion of one or more of the classes of notes offered hereby may be initially retained by the depositor or an affiliate thereof. (4) If the Upsize Transaction is issued, the following notes will be issued: $96,000,000 of Class A-1 notes, $128,000,000 of Class A-2 notes, $112,000,000 of Class A-3 notes, $64,000,000 of Class B notes, $100,000,000 of Class C notes, $124,000,000 of Class D notes and $56,000,000 of Class E notes. The sponsor will make the determination regarding the aggregate initial principal amount of the notes based on, among other considerations, market conditions at the time of pricing. See “Risk Factors—The issuing entity has issued multiple classes of notes, and your notes may be more sensitive to losses, be affected by conflicts of interest between classes and have reduced liquidity or voting power because of an unknown retention of notes—The market value, liquidity and voting power of your notes may be adversely impacted by retention of notes by the depositor or its affiliates or by the unknown aggregate initial principal amount of the notes.” (5) Plus accrued interest, if any, from the closing date.","(1) The aggregate initial principal amount of the offered notes will be $526,510,000 if the Base Transaction is issued or $624,000,000 if the Upsize Transaction is issued. The sponsor will make the determination regarding the aggregate initial principal amount of the notes based on, among other considerations, market conditions at the time of pricing. See “Risk Factors—The issuing entity has issued multiple classes of notes, and your notes may be more sensitive to losses, be affected by conflicts of interest between classes and have reduced liquidity or voting power because of an unknown retention of notes—The market value, liquidity and voting power of your notes may be adversely impacted by retention of notes by the depositor or its affiliates or by the unknown aggregate initial principal amount of the notes.” (2) The Class E notes are not being offered hereby and are anticipated to be either privately placed or retained by the depositor or another affiliate of BAC. The Class E notes will be entitled to certain payments as described herein. (3) All or a portion of one or more of the classes of notes offered hereby may be initially retained by the depositor or an affiliate thereof. (4) If the Upsize Transaction is issued, the following notes will be issued: $96,000,000 of Class A-1 notes, $128,000,000 of Class A-2 notes, $112,000,000 of Class A-3 notes, $64,000,000 of Class B notes, $100,000,000 of Class C notes, $124,000,000 of Class D notes and $56,000,000 of Class E notes. The sponsor will make the determination regarding the aggregate initial principal amount of the notes based on, among other considerations, market conditions at the time of pricing. See “Risk Factors—The issuing entity has issued multiple classes of notes, and your notes may be more sensitive to losses, be affected by conflicts of interest between classes and have reduced liquidity or voting power because of an unknown retention of notes—The market value, liquidity and voting power of your notes may be adversely impacted by retention of notes by the depositor or its affiliates or by the unknown aggregate initial principal amount of the notes.” (5) Plus accrued interest, if any, from the closing date.","(1) The aggregate initial principal amount of the offered notes will be $526,510,000 if the Base Transaction is issued or $624,000,000 if the Upsize Transaction is issued. The sponsor will make the determination regarding the aggregate initial principal amount of the notes based on, among other considerations, market conditions at the time of pricing. See “Risk Factors—The issuing entity has issued multiple classes of notes, and your notes may be more sensitive to losses, be affected by conflicts of interest between classes and have reduced liquidity or voting power because of an unknown retention of notes—The market value, liquidity and voting power of your notes may be adversely impacted by retention of notes by the depositor or its affiliates or by the unknown aggregate initial principal amount of the notes.” (2) The Class E notes are not being offered hereby and are anticipated to be either privately placed or retained by the depositor or another affiliate of BAC. The Class E notes will be entitled to certain payments as described herein. (3) All or a portion of one or more of the classes of notes offered hereby may be initially retained by the depositor or an affiliate thereof. (4) If the Upsize Transaction is issued, the following notes will be issued: $96,000,000 of Class A-1 notes, $128,000,000 of Class A-2 notes, $112,000,000 of Class A-3 notes, $64,000,000 of Class B notes, $100,000,000 of Class C notes, $124,000,000 of Class D notes and $56,000,000 of Class E notes. The sponsor will make the determination regarding the aggregate initial principal amount of the notes based on, among other considerations, market conditions at the time of pricing. See “Risk Factors—The issuing entity has issued multiple classes of notes, and your notes may be more sensitive to losses, be affected by conflicts of interest between classes and have reduced liquidity or voting power because of an unknown retention of notes—The market value, liquidity and voting power of your notes may be adversely impacted by retention of notes by the depositor or its affiliates or by the unknown aggregate initial principal amount of the notes.” (5) Plus accrued interest, if any, from the closing date.","(1) The aggregate initial principal amount of the offered notes will be $526,510,000 if the Base Transaction is issued or $624,000,000 if the Upsize Transaction is issued. The sponsor will make the determination regarding the aggregate initial principal amount of the notes based on, among other considerations, market conditions at the time of pricing. See “Risk Factors—The issuing entity has issued multiple classes of notes, and your notes may be more sensitive to losses, be affected by conflicts of interest between classes and have reduced liquidity or voting power because of an unknown retention of notes—The market value, liquidity and voting power of your notes may be adversely impacted by retention of notes by the depositor or its affiliates or by the unknown aggregate initial principal amount of the notes.” (2) The Class E notes are not being offered hereby and are anticipated to be either privately placed or retained by the depositor or another affiliate of BAC. The Class E notes will be entitled to certain payments as described herein. (3) All or a portion of one or more of the classes of notes offered hereby may be initially retained by the depositor or an affiliate thereof. (4) If the Upsize Transaction is issued, the following notes will be issued: $96,000,000 of Class A-1 notes, $128,000,000 of Class A-2 notes, $112,000,000 of Class A-3 notes, $64,000,000 of Class B notes, $100,000,000 of Class C notes, $124,000,000 of Class D notes and $56,000,000 of Class E notes. The sponsor will make the determination regarding the aggregate initial principal amount of the notes based on, among other considerations, market conditions at the time of pricing. See “Risk Factors—The issuing entity has issued multiple classes of notes, and your notes may be more sensitive to losses, be affected by conflicts of interest between classes and have reduced liquidity or voting power because of an unknown retention of notes—The market value, liquidity and voting power of your notes may be adversely impacted by retention of notes by the depositor or its affiliates or by the unknown aggregate initial principal amount of the notes.” (5) Plus accrued interest, if any, from the closing date.","(1) The aggregate initial principal amount of the offered notes will be $526,510,000 if the Base Transaction is issued or $624,000,000 if the Upsize Transaction is issued. The sponsor will make the determination regarding the aggregate initial principal amount of the notes based on, among other considerations, market conditions at the time of pricing. See “Risk Factors—The issuing entity has issued multiple classes of notes, and your notes may be more sensitive to losses, be affected by conflicts of interest between classes and have reduced liquidity or voting power because of an unknown retention of notes—The market value, liquidity and voting power of your notes may be adversely impacted by retention of notes by the depositor or its affiliates or by the unknown aggregate initial principal amount of the notes.” (2) The Class E notes are not being offered hereby and are anticipated to be either privately placed or retained by the depositor or another affiliate of BAC. The Class E notes will be entitled to certain payments as described herein. (3) All or a portion of one or more of the classes of notes offered hereby may be initially retained by the depositor or an affiliate thereof. (4) If the Upsize Transaction is issued, the following notes will be issued: $96,000,000 of Class A-1 notes, $128,000,000 of Class A-2 notes, $112,000,000 of Class A-3 notes, $64,000,000 of Class B notes, $100,000,000 of Class C notes, $124,000,000 of Class D notes and $56,000,000 of Class E notes. The sponsor will make the determination regarding the aggregate initial principal amount of the notes based on, among other considerations, market conditions at the time of pricing. See “Risk Factors—The issuing entity has issued multiple classes of notes, and your notes may be more sensitive to losses, be affected by conflicts of interest between classes and have reduced liquidity or voting power because of an unknown retention of notes—The market value, liquidity and voting power of your notes may be adversely impacted by retention of notes by the depositor or its affiliates or by the unknown aggregate initial principal amount of the notes.” (5) Plus accrued interest, if any, from the closing date.","(1) The aggregate initial principal amount of the offered notes will be $526,510,000 if the Base Transaction is issued or $624,000,000 if the Upsize Transaction is issued. The sponsor will make the determination regarding the aggregate initial principal amount of the notes based on, among other considerations, market conditions at the time of pricing. See “Risk Factors—The issuing entity has issued multiple classes of notes, and your notes may be more sensitive to losses, be affected by conflicts of interest between classes and have reduced liquidity or voting power because of an unknown retention of notes—The market value, liquidity and voting power of your notes may be adversely impacted by retention of notes by the depositor or its affiliates or by the unknown aggregate initial principal amount of the notes.” (2) The Class E notes are not being offered hereby and are anticipated to be either privately placed or retained by the depositor or another affiliate of BAC. The Class E notes will be entitled to certain payments as described herein. (3) All or a portion of one or more of the classes of notes offered hereby may be initially retained by the depositor or an affiliate thereof. (4) If the Upsize Transaction is issued, the following notes will be issued: $96,000,000 of Class A-1 notes, $128,000,000 of Class A-2 notes, $112,000,000 of Class A-3 notes, $64,000,000 of Class B notes, $100,000,000 of Class C notes, $124,000,000 of Class D notes and $56,000,000 of Class E notes. The sponsor will make the determination regarding the aggregate initial principal amount of the notes based on, among other considerations, market conditions at the time of pricing. See “Risk Factors—The issuing entity has issued multiple classes of notes, and your notes may be more sensitive to losses, be affected by conflicts of interest between classes and have reduced liquidity or voting power because of an unknown retention of notes—The market value, liquidity and voting power of your notes may be adversely impacted by retention of notes by the depositor or its affiliates or by the unknown aggregate initial principal amount of the notes.” (5) Plus accrued interest, if any, from the closing date.",
,,,,"(1) The aggregate initial principal amount of the offered notes will be $526,510,000 if the Base Transaction is issued or $624,000,000 if the Upsize Transaction is issued. The sponsor will make the determination regarding the aggregate initial principal amount of the notes based on, among other considerations, market conditions at the time of pricing. See “Risk Factors—The issuing entity has issued multiple classes of notes, and your notes may be more sensitive to losses, be affected by conflicts of interest between classes and have reduced liquidity or voting power because of an unknown retention of notes—The market value, liquidity and voting power of your notes may be adversely impacted by retention of notes by the depositor or its affiliates or by the unknown aggregate initial principal amount of the notes.” (2) The Class E notes are not being offered hereby and are anticipated to be either privately placed or retained by the depositor or another affiliate of BAC. The Class E notes will be entitled to certain payments as described herein. (3) All or a portion of one or more of the classes of notes offered hereby may be initially retained by the depositor or an affiliate thereof. (4) If the Upsize Transaction is issued, the following notes will be issued: $96,000,000 of Class A-1 notes, $128,000,000 of Class A-2 notes, $112,000,000 of Class A-3 notes, $64,000,000 of Class B notes, $100,000,000 of Class C notes, $124,000,000 of Class D notes and $56,000,000 of Class E notes. The sponsor will make the determination regarding the aggregate initial principal amount of the notes based on, among other considerations, market conditions at the time of pricing. See “Risk Factors—The issuing entity has issued multiple classes of notes, and your notes may be more sensitive to losses, be affected by conflicts of interest between classes and have reduced liquidity or voting power because of an unknown retention of notes—The market value, liquidity and voting power of your notes may be adversely impacted by retention of notes by the depositor or its affiliates or by the unknown aggregate initial principal amount of the notes.” (5) Plus accrued interest, if any, from the closing date.","(1) The aggregate initial principal amount of the offered notes will be $526,510,000 if the Base Transaction is issued or $624,000,000 if the Upsize Transaction is issued. The sponsor will make the determination regarding the aggregate initial principal amount of the notes based on, among other considerations, market conditions at the time of pricing. See “Risk Factors—The issuing entity has issued multiple classes of notes, and your notes may be more sensitive to losses, be affected by conflicts of interest between classes and have reduced liquidity or voting power because of an unknown retention of notes—The market value, liquidity and voting power of your notes may be adversely impacted by retention of notes by the depositor or its affiliates or by the unknown aggregate initial principal amount of the notes.” (2) The Class E notes are not being offered hereby and are anticipated to be either privately placed or retained by the depositor or another affiliate of BAC. The Class E notes will be entitled to certain payments as described herein. (3) All or a portion of one or more of the classes of notes offered hereby may be initially retained by the depositor or an affiliate thereof. (4) If the Upsize Transaction is issued, the following notes will be issued: $96,000,000 of Class A-1 notes, $128,000,000 of Class A-2 notes, $112,000,000 of Class A-3 notes, $64,000,000 of Class B notes, $100,000,000 of Class C notes, $124,000,000 of Class D notes and $56,000,000 of Class E notes. The sponsor will make the determination regarding the aggregate initial principal amount of the notes based on, among other considerations, market conditions at the time of pricing. See “Risk Factors—The issuing entity has issued multiple classes of notes, and your notes may be more sensitive to losses, be affected by conflicts of interest between classes and have reduced liquidity or voting power because of an unknown retention of notes—The market value, liquidity and voting power of your notes may be adversely impacted by retention of notes by the depositor or its affiliates or by the unknown aggregate initial principal amount of the notes.” (5) Plus accrued interest, if any, from the closing date.","(1) The aggregate initial principal amount of the offered notes will be $526,510,000 if the Base Transaction is issued or $624,000,000 if the Upsize Transaction is issued. The sponsor will make the determination regarding the aggregate initial principal amount of the notes based on, among other considerations, market conditions at the time of pricing. See “Risk Factors—The issuing entity has issued multiple classes of notes, and your notes may be more sensitive to losses, be affected by conflicts of interest between classes and have reduced liquidity or voting power because of an unknown retention of notes—The market value, liquidity and voting power of your notes may be adversely impacted by retention of notes by the depositor or its affiliates or by the unknown aggregate initial principal amount of the notes.” (2) The Class E notes are not being offered hereby and are anticipated to be either privately placed or retained by the depositor or another affiliate of BAC. The Class E notes will be entitled to certain payments as described herein. (3) All or a portion of one or more of the classes of notes offered hereby may be initially retained by the depositor or an affiliate thereof. (4) If the Upsize Transaction is issued, the following notes will be issued: $96,000,000 of Class A-1 notes, $128,000,000 of Class A-2 notes, $112,000,000 of Class A-3 notes, $64,000,000 of Class B notes, $100,000,000 of Class C notes, $124,000,000 of Class D notes and $56,000,000 of Class E notes. The sponsor will make the determination regarding the aggregate initial principal amount of the notes based on, among other considerations, market conditions at the time of pricing. See “Risk Factors—The issuing entity has issued multiple classes of notes, and your notes may be more sensitive to losses, be affected by conflicts of interest between classes and have reduced liquidity or voting power because of an unknown retention of notes—The market value, liquidity and voting power of your notes may be adversely impacted by retention of notes by the depositor or its affiliates or by the unknown aggregate initial principal amount of the notes.” (5) Plus accrued interest, if any, from the closing date.","(1) The aggregate initial principal amount of the offered notes will be $526,510,000 if the Base Transaction is issued or $624,000,000 if the Upsize Transaction is issued. The sponsor will make the determination regarding the aggregate initial principal amount of the notes based on, among other considerations, market conditions at the time of pricing. See “Risk Factors—The issuing entity has issued multiple classes of notes, and your notes may be more sensitive to losses, be affected by conflicts of interest between classes and have reduced liquidity or voting power because of an unknown retention of notes—The market value, liquidity and voting power of your notes may be adversely impacted by retention of notes by the depositor or its affiliates or by the unknown aggregate initial principal amount of the notes.” (2) The Class E notes are not being offered hereby and are anticipated to be either privately placed or retained by the depositor or another affiliate of BAC. The Class E notes will be entitled to certain payments as described herein. (3) All or a portion of one or more of the classes of notes offered hereby may be initially retained by the depositor or an affiliate thereof. (4) If the Upsize Transaction is issued, the following notes will be issued: $96,000,000 of Class A-1 notes, $128,000,000 of Class A-2 notes, $112,000,000 of Class A-3 notes, $64,000,000 of Class B notes, $100,000,000 of Class C notes, $124,000,000 of Class D notes and $56,000,000 of Class E notes. The sponsor will make the determination regarding the aggregate initial principal amount of the notes based on, among other considerations, market conditions at the time of pricing. See “Risk Factors—The issuing entity has issued multiple classes of notes, and your notes may be more sensitive to losses, be affected by conflicts of interest between classes and have reduced liquidity or voting power because of an unknown retention of notes—The market value, liquidity and voting power of your notes may be adversely impacted by retention of notes by the depositor or its affiliates or by the unknown aggregate initial principal amount of the notes.” (5) Plus accrued interest, if any, from the closing date.","(1) The aggregate initial principal amount of the offered notes will be $526,510,000 if the Base Transaction is issued or $624,000,000 if the Upsize Transaction is issued. The sponsor will make the determination regarding the aggregate initial principal amount of the notes based on, among other considerations, market conditions at the time of pricing. See “Risk Factors—The issuing entity has issued multiple classes of notes, and your notes may be more sensitive to losses, be affected by conflicts of interest between classes and have reduced liquidity or voting power because of an unknown retention of notes—The market value, liquidity and voting power of your notes may be adversely impacted by retention of notes by the depositor or its affiliates or by the unknown aggregate initial principal amount of the notes.” (2) The Class E notes are not being offered hereby and are anticipated to be either privately placed or retained by the depositor or another affiliate of BAC. The Class E notes will be entitled to certain payments as described herein. (3) All or a portion of one or more of the classes of notes offered hereby may be initially retained by the depositor or an affiliate thereof. (4) If the Upsize Transaction is issued, the following notes will be issued: $96,000,000 of Class A-1 notes, $128,000,000 of Class A-2 notes, $112,000,000 of Class A-3 notes, $64,000,000 of Class B notes, $100,000,000 of Class C notes, $124,000,000 of Class D notes and $56,000,000 of Class E notes. The sponsor will make the determination regarding the aggregate initial principal amount of the notes based on, among other considerations, market conditions at the time of pricing. See “Risk Factors—The issuing entity has issued multiple classes of notes, and your notes may be more sensitive to losses, be affected by conflicts of interest between classes and have reduced liquidity or voting power because of an unknown retention of notes—The market value, liquidity and voting power of your notes may be adversely impacted by retention of notes by the depositor or its affiliates or by the unknown aggregate initial principal amount of the notes.” (5) Plus accrued interest, if any, from the closing date.","(1) The aggregate initial principal amount of the offered notes will be $526,510,000 if the Base Transaction is issued or $624,000,000 if the Upsize Transaction is issued. The sponsor will make the determination regarding the aggregate initial principal amount of the notes based on, among other considerations, market conditions at the time of pricing. See “Risk Factors—The issuing entity has issued multiple classes of notes, and your notes may be more sensitive to losses, be affected by conflicts of interest between classes and have reduced liquidity or voting power because of an unknown retention of notes—The market value, liquidity and voting power of your notes may be adversely impacted by retention of notes by the depositor or its affiliates or by the unknown aggregate initial principal amount of the notes.” (2) The Class E notes are not being offered hereby and are anticipated to be either privately placed or retained by the depositor or another affiliate of BAC. The Class E notes will be entitled to certain payments as described herein. (3) All or a portion of one or more of the classes of notes offered hereby may be initially retained by the depositor or an affiliate thereof. (4) If the Upsize Transaction is issued, the following notes will be issued: $96,000,000 of Class A-1 notes, $128,000,000 of Class A-2 notes, $112,000,000 of Class A-3 notes, $64,000,000 of Class B notes, $100,000,000 of Class C notes, $124,000,000 of Class D notes and $56,000,000 of Class E notes. The sponsor will make the determination regarding the aggregate initial principal amount of the notes based on, among other considerations, market conditions at the time of pricing. See “Risk Factors—The issuing entity has issued multiple classes of notes, and your notes may be more sensitive to losses, be affected by conflicts of interest between classes and have reduced liquidity or voting power because of an unknown retention of notes—The market value, liquidity and voting power of your notes may be adversely impacted by retention of notes by the depositor or its affiliates or by the unknown aggregate initial principal amount of the notes.” (5) Plus accrued interest, if any, from the closing date.","(1) The aggregate initial principal amount of the offered notes will be $526,510,000 if the Base Transaction is issued or $624,000,000 if the Upsize Transaction is issued. The sponsor will make the determination regarding the aggregate initial principal amount of the notes based on, among other considerations, market conditions at the time of pricing. See “Risk Factors—The issuing entity has issued multiple classes of notes, and your notes may be more sensitive to losses, be affected by conflicts of interest between classes and have reduced liquidity or voting power because of an unknown retention of notes—The market value, liquidity and voting power of your notes may be adversely impacted by retention of notes by the depositor or its affiliates or by the unknown aggregate initial principal amount of the notes.” (2) The Class E notes are not being offered hereby and are anticipated to be either privately placed or retained by the depositor or another affiliate of BAC. The Class E notes will be entitled to certain payments as described herein. (3) All or a portion of one or more of the classes of notes offered hereby may be initially retained by the depositor or an affiliate thereof. (4) If the Upsize Transaction is issued, the following notes will be issued: $96,000,000 of Class A-1 notes, $128,000,000 of Class A-2 notes, $112,000,000 of Class A-3 notes, $64,000,000 of Class B notes, $100,000,000 of Class C notes, $124,000,000 of Class D notes and $56,000,000 of Class E notes. The sponsor will make the determination regarding the aggregate initial principal amount of the notes based on, among other considerations, market conditions at the time of pricing. See “Risk Factors—The issuing entity has issued multiple classes of notes, and your notes may be more sensitive to losses, be affected by conflicts of interest between classes and have reduced liquidity or voting power because of an unknown retention of notes—The market value, liquidity and voting power of your notes may be adversely impacted by retention of notes by the depositor or its affiliates or by the unknown aggregate initial principal amount of the notes.” (5) Plus accrued interest, if any, from the closing date.","(1) The aggregate initial principal amount of the offered notes will be $526,510,000 if the Base Transaction is issued or $624,000,000 if the Upsize Transaction is issued. The sponsor will make the determination regarding the aggregate initial principal amount of the notes based on, among other considerations, market conditions at the time of pricing. See “Risk Factors—The issuing entity has issued multiple classes of notes, and your notes may be more sensitive to losses, be affected by conflicts of interest between classes and have reduced liquidity or voting power because of an unknown retention of notes—The market value, liquidity and voting power of your notes may be adversely impacted by retention of notes by the depositor or its affiliates or by the unknown aggregate initial principal amount of the notes.” (2) The Class E notes are not being offered hereby and are anticipated to be either privately placed or retained by the depositor or another affiliate of BAC. The Class E notes will be entitled to certain payments as described herein. (3) All or a portion of one or more of the classes of notes offered hereby may be initially retained by the depositor or an affiliate thereof. (4) If the Upsize Transaction is issued, the following notes will be issued: $96,000,000 of Class A-1 notes, $128,000,000 of Class A-2 notes, $112,000,000 of Class A-3 notes, $64,000,000 of Class B notes, $100,000,000 of Class C notes, $124,000,000 of Class D notes and $56,000,000 of Class E notes. The sponsor will make the determination regarding the aggregate initial principal amount of the notes based on, among other considerations, market conditions at the time of pricing. See “Risk Factors—The issuing entity has issued multiple classes of notes, and your notes may be more sensitive to losses, be affected by conflicts of interest between classes and have reduced liquidity or voting power because of an unknown retention of notes—The market value, liquidity and voting power of your notes may be adversely impacted by retention of notes by the depositor or its affiliates or by the unknown aggregate initial principal amount of the notes.” (5) Plus accrued interest, if any, from the closing date.","(1) The aggregate initial principal amount of the offered notes will be $526,510,000 if the Base Transaction is issued or $624,000,000 if the Upsize Transaction is issued. The sponsor will make the determination regarding the aggregate initial principal amount of the notes based on, among other considerations, market conditions at the time of pricing. See “Risk Factors—The issuing entity has issued multiple classes of notes, and your notes may be more sensitive to losses, be affected by conflicts of interest between classes and have reduced liquidity or voting power because of an unknown retention of notes—The market value, liquidity and voting power of your notes may be adversely impacted by retention of notes by the depositor or its affiliates or by the unknown aggregate initial principal amount of the notes.” (2) The Class E notes are not being offered hereby and are anticipated to be either privately placed or retained by the depositor or another affiliate of BAC. The Class E notes will be entitled to certain payments as described herein. (3) All or a portion of one or more of the classes of notes offered hereby may be initially retained by the depositor or an affiliate thereof. (4) If the Upsize Transaction is issued, the following notes will be issued: $96,000,000 of Class A-1 notes, $128,000,000 of Class A-2 notes, $112,000,000 of Class A-3 notes, $64,000,000 of Class B notes, $100,000,000 of Class C notes, $124,000,000 of Class D notes and $56,000,000 of Class E notes. The sponsor will make the determination regarding the aggregate initial principal amount of the notes based on, among other considerations, market conditions at the time of pricing. See “Risk Factors—The issuing entity has issued multiple classes of notes, and your notes may be more sensitive to losses, be affected by conflicts of interest between classes and have reduced liquidity or voting power because of an unknown retention of notes—The market value, liquidity and voting power of your notes may be adversely impacted by retention of notes by the depositor or its affiliates or by the unknown aggregate initial principal amount of the notes.” (5) Plus accrued interest, if any, from the closing date.","(1) The aggregate initial principal amount of the offered notes will be $526,510,000 if the Base Transaction is issued or $624,000,000 if the Upsize Transaction is issued. The sponsor will make the determination regarding the aggregate initial principal amount of the notes based on, among other considerations, market conditions at the time of pricing. See “Risk Factors—The issuing entity has issued multiple classes of notes, and your notes may be more sensitive to losses, be affected by conflicts of interest between classes and have reduced liquidity or voting power because of an unknown retention of notes—The market value, liquidity and voting power of your notes may be adversely impacted by retention of notes by the depositor or its affiliates or by the unknown aggregate initial principal amount of the notes.” (2) The Class E notes are not being offered hereby and are anticipated to be either privately placed or retained by the depositor or another affiliate of BAC. The Class E notes will be entitled to certain payments as described herein. (3) All or a portion of one or more of the classes of notes offered hereby may be initially retained by the depositor or an affiliate thereof. (4) If the Upsize Transaction is issued, the following notes will be issued: $96,000,000 of Class A-1 notes, $128,000,000 of Class A-2 notes, $112,000,000 of Class A-3 notes, $64,000,000 of Class B notes, $100,000,000 of Class C notes, $124,000,000 of Class D notes and $56,000,000 of Class E notes. The sponsor will make the determination regarding the aggregate initial principal amount of the notes based on, among other considerations, market conditions at the time of pricing. See “Risk Factors—The issuing entity has issued multiple classes of notes, and your notes may be more sensitive to losses, be affected by conflicts of interest between classes and have reduced liquidity or voting power because of an unknown retention of notes—The market value, liquidity and voting power of your notes may be adversely impacted by retention of notes by the depositor or its affiliates or by the unknown aggregate initial principal amount of the notes.” (5) Plus accrued interest, if any, from the closing date.","(1) The aggregate initial principal amount of the offered notes will be $526,510,000 if the Base Transaction is issued or $624,000,000 if the Upsize Transaction is issued. The sponsor will make the determination regarding the aggregate initial principal amount of the notes based on, among other considerations, market conditions at the time of pricing. See “Risk Factors—The issuing entity has issued multiple classes of notes, and your notes may be more sensitive to losses, be affected by conflicts of interest between classes and have reduced liquidity or voting power because of an unknown retention of notes—The market value, liquidity and voting power of your notes may be adversely impacted by retention of notes by the depositor or its affiliates or by the unknown aggregate initial principal amount of the notes.” (2) The Class E notes are not being offered hereby and are anticipated to be either privately placed or retained by the depositor or another affiliate of BAC. The Class E notes will be entitled to certain payments as described herein. (3) All or a portion of one or more of the classes of notes offered hereby may be initially retained by the depositor or an affiliate thereof. (4) If the Upsize Transaction is issued, the following notes will be issued: $96,000,000 of Class A-1 notes, $128,000,000 of Class A-2 notes, $112,000,000 of Class A-3 notes, $64,000,000 of Class B notes, $100,000,000 of Class C notes, $124,000,000 of Class D notes and $56,000,000 of Class E notes. The sponsor will make the determination regarding the aggregate initial principal amount of the notes based on, among other considerations, market conditions at the time of pricing. See “Risk Factors—The issuing entity has issued multiple classes of notes, and your notes may be more sensitive to losses, be affected by conflicts of interest between classes and have reduced liquidity or voting power because of an unknown retention of notes—The market value, liquidity and voting power of your notes may be adversely impacted by retention of notes by the depositor or its affiliates or by the unknown aggregate initial principal amount of the notes.” (5) Plus accrued interest, if any, from the closing date.","(1) The aggregate initial principal amount of the offered notes will be $526,510,000 if the Base Transaction is issued or $624,000,000 if the Upsize Transaction is issued. The sponsor will make the determination regarding the aggregate initial principal amount of the notes based on, among other considerations, market conditions at the time of pricing. See “Risk Factors—The issuing entity has issued multiple classes of notes, and your notes may be more sensitive to losses, be affected by conflicts of interest between classes and have reduced liquidity or voting power because of an unknown retention of notes—The market value, liquidity and voting power of your notes may be adversely impacted by retention of notes by the depositor or its affiliates or by the unknown aggregate initial principal amount of the notes.” (2) The Class E notes are not being offered hereby and are anticipated to be either privately placed or retained by the depositor or another affiliate of BAC. The Class E notes will be entitled to certain payments as described herein. (3) All or a portion of one or more of the classes of notes offered hereby may be initially retained by the depositor or an affiliate thereof. (4) If the Upsize Transaction is issued, the following notes will be issued: $96,000,000 of Class A-1 notes, $128,000,000 of Class A-2 notes, $112,000,000 of Class A-3 notes, $64,000,000 of Class B notes, $100,000,000 of Class C notes, $124,000,000 of Class D notes and $56,000,000 of Class E notes. The sponsor will make the determination regarding the aggregate initial principal amount of the notes based on, among other considerations, market conditions at the time of pricing. See “Risk Factors—The issuing entity has issued multiple classes of notes, and your notes may be more sensitive to losses, be affected by conflicts of interest between classes and have reduced liquidity or voting power because of an unknown retention of notes—The market value, liquidity and voting power of your notes may be adversely impacted by retention of notes by the depositor or its affiliates or by the unknown aggregate initial principal amount of the notes.” (5) Plus accrued interest, if any, from the closing date.",
,,,,"(1) The aggregate initial principal amount of the offered notes will be $526,510,000 if the Base Transaction is issued or $624,000,000 if the Upsize Transaction is issued. The sponsor will make the determination regarding the aggregate initial principal amount of the notes based on, among other considerations, market conditions at the time of pricing. See “Risk Factors—The issuing entity has issued multiple classes of notes, and your notes may be more sensitive to losses, be affected by conflicts of interest between classes and have reduced liquidity or voting power because of an unknown retention of notes—The market value, liquidity and voting power of your notes may be adversely impacted by retention of notes by the depositor or its affiliates or by the unknown aggregate initial principal amount of the notes.” (2) The Class E notes are not being offered hereby and are anticipated to be either privately placed or retained by the depositor or another affiliate of BAC. The Class E notes will be entitled to certain payments as described herein. (3) All or a portion of one or more of the classes of notes offered hereby may be initially retained by the depositor or an affiliate thereof. (4) If the Upsize Transaction is issued, the following notes will be issued: $96,000,000 of Class A-1 notes, $128,000,000 of Class A-2 notes, $112,000,000 of Class A-3 notes, $64,000,000 of Class B notes, $100,000,000 of Class C notes, $124,000,000 of Class D notes and $56,000,000 of Class E notes. The sponsor will make the determination regarding the aggregate initial principal amount of the notes based on, among other considerations, market conditions at the time of pricing. See “Risk Factors—The issuing entity has issued multiple classes of notes, and your notes may be more sensitive to losses, be affected by conflicts of interest between classes and have reduced liquidity or voting power because of an unknown retention of notes—The market value, liquidity and voting power of your notes may be adversely impacted by retention of notes by the depositor or its affiliates or by the unknown aggregate initial principal amount of the notes.” (5) Plus accrued interest, if any, from the closing date.","(1) The aggregate initial principal amount of the offered notes will be $526,510,000 if the Base Transaction is issued or $624,000,000 if the Upsize Transaction is issued. The sponsor will make the determination regarding the aggregate initial principal amount of the notes based on, among other considerations, market conditions at the time of pricing. See “Risk Factors—The issuing entity has issued multiple classes of notes, and your notes may be more sensitive to losses, be affected by conflicts of interest between classes and have reduced liquidity or voting power because of an unknown retention of notes—The market value, liquidity and voting power of your notes may be adversely impacted by retention of notes by the depositor or its affiliates or by the unknown aggregate initial principal amount of the notes.” (2) The Class E notes are not being offered hereby and are anticipated to be either privately placed or retained by the depositor or another affiliate of BAC. The Class E notes will be entitled to certain payments as described herein. (3) All or a portion of one or more of the classes of notes offered hereby may be initially retained by the depositor or an affiliate thereof. (4) If the Upsize Transaction is issued, the following notes will be issued: $96,000,000 of Class A-1 notes, $128,000,000 of Class A-2 notes, $112,000,000 of Class A-3 notes, $64,000,000 of Class B notes, $100,000,000 of Class C notes, $124,000,000 of Class D notes and $56,000,000 of Class E notes. The sponsor will make the determination regarding the aggregate initial principal amount of the notes based on, among other considerations, market conditions at the time of pricing. See “Risk Factors—The issuing entity has issued multiple classes of notes, and your notes may be more sensitive to losses, be affected by conflicts of interest between classes and have reduced liquidity or voting power because of an unknown retention of notes—The market value, liquidity and voting power of your notes may be adversely impacted by retention of notes by the depositor or its affiliates or by the unknown aggregate initial principal amount of the notes.” (5) Plus accrued interest, if any, from the closing date.","(1) The aggregate initial principal amount of the offered notes will be $526,510,000 if the Base Transaction is issued or $624,000,000 if the Upsize Transaction is issued. The sponsor will make the determination regarding the aggregate initial principal amount of the notes based on, among other considerations, market conditions at the time of pricing. See “Risk Factors—The issuing entity has issued multiple classes of notes, and your notes may be more sensitive to losses, be affected by conflicts of interest between classes and have reduced liquidity or voting power because of an unknown retention of notes—The market value, liquidity and voting power of your notes may be adversely impacted by retention of notes by the depositor or its affiliates or by the unknown aggregate initial principal amount of the notes.” (2) The Class E notes are not being offered hereby and are anticipated to be either privately placed or retained by the depositor or another affiliate of BAC. The Class E notes will be entitled to certain payments as described herein. (3) All or a portion of one or more of the classes of notes offered hereby may be initially retained by the depositor or an affiliate thereof. (4) If the Upsize Transaction is issued, the following notes will be issued: $96,000,000 of Class A-1 notes, $128,000,000 of Class A-2 notes, $112,000,000 of Class A-3 notes, $64,000,000 of Class B notes, $100,000,000 of Class C notes, $124,000,000 of Class D notes and $56,000,000 of Class E notes. The sponsor will make the determination regarding the aggregate initial principal amount of the notes based on, among other considerations, market conditions at the time of pricing. See “Risk Factors—The issuing entity has issued multiple classes of notes, and your notes may be more sensitive to losses, be affected by conflicts of interest between classes and have reduced liquidity or voting power because of an unknown retention of notes—The market value, liquidity and voting power of your notes may be adversely impacted by retention of notes by the depositor or its affiliates or by the unknown aggregate initial principal amount of the notes.” (5) Plus accrued interest, if any, from the closing date.","(1) The aggregate initial principal amount of the offered notes will be $526,510,000 if the Base Transaction is issued or $624,000,000 if the Upsize Transaction is issued. The sponsor will make the determination regarding the aggregate initial principal amount of the notes based on, among other considerations, market conditions at the time of pricing. See “Risk Factors—The issuing entity has issued multiple classes of notes, and your notes may be more sensitive to losses, be affected by conflicts of interest between classes and have reduced liquidity or voting power because of an unknown retention of notes—The market value, liquidity and voting power of your notes may be adversely impacted by retention of notes by the depositor or its affiliates or by the unknown aggregate initial principal amount of the notes.” (2) The Class E notes are not being offered hereby and are anticipated to be either privately placed or retained by the depositor or another affiliate of BAC. The Class E notes will be entitled to certain payments as described herein. (3) All or a portion of one or more of the classes of notes offered hereby may be initially retained by the depositor or an affiliate thereof. (4) If the Upsize Transaction is issued, the following notes will be issued: $96,000,000 of Class A-1 notes, $128,000,000 of Class A-2 notes, $112,000,000 of Class A-3 notes, $64,000,000 of Class B notes, $100,000,000 of Class C notes, $124,000,000 of Class D notes and $56,000,000 of Class E notes. The sponsor will make the determination regarding the aggregate initial principal amount of the notes based on, among other considerations, market conditions at the time of pricing. See “Risk Factors—The issuing entity has issued multiple classes of notes, and your notes may be more sensitive to losses, be affected by conflicts of interest between classes and have reduced liquidity or voting power because of an unknown retention of notes—The market value, liquidity and voting power of your notes may be adversely impacted by retention of notes by the depositor or its affiliates or by the unknown aggregate initial principal amount of the notes.” (5) Plus accrued interest, if any, from the closing date.","(1) The aggregate initial principal amount of the offered notes will be $526,510,000 if the Base Transaction is issued or $624,000,000 if the Upsize Transaction is issued. The sponsor will make the determination regarding the aggregate initial principal amount of the notes based on, among other considerations, market conditions at the time of pricing. See “Risk Factors—The issuing entity has issued multiple classes of notes, and your notes may be more sensitive to losses, be affected by conflicts of interest between classes and have reduced liquidity or voting power because of an unknown retention of notes—The market value, liquidity and voting power of your notes may be adversely impacted by retention of notes by the depositor or its affiliates or by the unknown aggregate initial principal amount of the notes.” (2) The Class E notes are not being offered hereby and are anticipated to be either privately placed or retained by the depositor or another affiliate of BAC. The Class E notes will be entitled to certain payments as described herein. (3) All or a portion of one or more of the classes of notes offered hereby may be initially retained by the depositor or an affiliate thereof. (4) If the Upsize Transaction is issued, the following notes will be issued: $96,000,000 of Class A-1 notes, $128,000,000 of Class A-2 notes, $112,000,000 of Class A-3 notes, $64,000,000 of Class B notes, $100,000,000 of Class C notes, $124,000,000 of Class D notes and $56,000,000 of Class E notes. The sponsor will make the determination regarding the aggregate initial principal amount of the notes based on, among other considerations, market conditions at the time of pricing. See “Risk Factors—The issuing entity has issued multiple classes of notes, and your notes may be more sensitive to losses, be affected by conflicts of interest between classes and have reduced liquidity or voting power because of an unknown retention of notes—The market value, liquidity and voting power of your notes may be adversely impacted by retention of notes by the depositor or its affiliates or by the unknown aggregate initial principal amount of the notes.” (5) Plus accrued interest, if any, from the closing date.","(1) The aggregate initial principal amount of the offered notes will be $526,510,000 if the Base Transaction is issued or $624,000,000 if the Upsize Transaction is issued. The sponsor will make the determination regarding the aggregate initial principal amount of the notes based on, among other considerations, market conditions at the time of pricing. See “Risk Factors—The issuing entity has issued multiple classes of notes, and your notes may be more sensitive to losses, be affected by conflicts of interest between classes and have reduced liquidity or voting power because of an unknown retention of notes—The market value, liquidity and voting power of your notes may be adversely impacted by retention of notes by the depositor or its affiliates or by the unknown aggregate initial principal amount of the notes.” (2) The Class E notes are not being offered hereby and are anticipated to be either privately placed or retained by the depositor or another affiliate of BAC. The Class E notes will be entitled to certain payments as described herein. (3) All or a portion of one or more of the classes of notes offered hereby may be initially retained by the depositor or an affiliate thereof. (4) If the Upsize Transaction is issued, the following notes will be issued: $96,000,000 of Class A-1 notes, $128,000,000 of Class A-2 notes, $112,000,000 of Class A-3 notes, $64,000,000 of Class B notes, $100,000,000 of Class C notes, $124,000,000 of Class D notes and $56,000,000 of Class E notes. The sponsor will make the determination regarding the aggregate initial principal amount of the notes based on, among other considerations, market conditions at the time of pricing. See “Risk Factors—The issuing entity has issued multiple classes of notes, and your notes may be more sensitive to losses, be affected by conflicts of interest between classes and have reduced liquidity or voting power because of an unknown retention of notes—The market value, liquidity and voting power of your notes may be adversely impacted by retention of notes by the depositor or its affiliates or by the unknown aggregate initial principal amount of the notes.” (5) Plus accrued interest, if any, from the closing date.","(1) The aggregate initial principal amount of the offered notes will be $526,510,000 if the Base Transaction is issued or $624,000,000 if the Upsize Transaction is issued. The sponsor will make the determination regarding the aggregate initial principal amount of the notes based on, among other considerations, market conditions at the time of pricing. See “Risk Factors—The issuing entity has issued multiple classes of notes, and your notes may be more sensitive to losses, be affected by conflicts of interest between classes and have reduced liquidity or voting power because of an unknown retention of notes—The market value, liquidity and voting power of your notes may be adversely impacted by retention of notes by the depositor or its affiliates or by the unknown aggregate initial principal amount of the notes.” (2) The Class E notes are not being offered hereby and are anticipated to be either privately placed or retained by the depositor or another affiliate of BAC. The Class E notes will be entitled to certain payments as described herein. (3) All or a portion of one or more of the classes of notes offered hereby may be initially retained by the depositor or an affiliate thereof. (4) If the Upsize Transaction is issued, the following notes will be issued: $96,000,000 of Class A-1 notes, $128,000,000 of Class A-2 notes, $112,000,000 of Class A-3 notes, $64,000,000 of Class B notes, $100,000,000 of Class C notes, $124,000,000 of Class D notes and $56,000,000 of Class E notes. The sponsor will make the determination regarding the aggregate initial principal amount of the notes based on, among other considerations, market conditions at the time of pricing. See “Risk Factors—The issuing entity has issued multiple classes of notes, and your notes may be more sensitive to losses, be affected by conflicts of interest between classes and have reduced liquidity or voting power because of an unknown retention of notes—The market value, liquidity and voting power of your notes may be adversely impacted by retention of notes by the depositor or its affiliates or by the unknown aggregate initial principal amount of the notes.” (5) Plus accrued interest, if any, from the closing date.","(1) The aggregate initial principal amount of the offered notes will be $526,510,000 if the Base Transaction is issued or $624,000,000 if the Upsize Transaction is issued. The sponsor will make the determination regarding the aggregate initial principal amount of the notes based on, among other considerations, market conditions at the time of pricing. See “Risk Factors—The issuing entity has issued multiple classes of notes, and your notes may be more sensitive to losses, be affected by conflicts of interest between classes and have reduced liquidity or voting power because of an unknown retention of notes—The market value, liquidity and voting power of your notes may be adversely impacted by retention of notes by the depositor or its affiliates or by the unknown aggregate initial principal amount of the notes.” (2) The Class E notes are not being offered hereby and are anticipated to be either privately placed or retained by the depositor or another affiliate of BAC. The Class E notes will be entitled to certain payments as described herein. (3) All or a portion of one or more of the classes of notes offered hereby may be initially retained by the depositor or an affiliate thereof. (4) If the Upsize Transaction is issued, the following notes will be issued: $96,000,000 of Class A-1 notes, $128,000,000 of Class A-2 notes, $112,000,000 of Class A-3 notes, $64,000,000 of Class B notes, $100,000,000 of Class C notes, $124,000,000 of Class D notes and $56,000,000 of Class E notes. The sponsor will make the determination regarding the aggregate initial principal amount of the notes based on, among other considerations, market conditions at the time of pricing. See “Risk Factors—The issuing entity has issued multiple classes of notes, and your notes may be more sensitive to losses, be affected by conflicts of interest between classes and have reduced liquidity or voting power because of an unknown retention of notes—The market value, liquidity and voting power of your notes may be adversely impacted by retention of notes by the depositor or its affiliates or by the unknown aggregate initial principal amount of the notes.” (5) Plus accrued interest, if any, from the closing date.","(1) The aggregate initial principal amount of the offered notes will be $526,510,000 if the Base Transaction is issued or $624,000,000 if the Upsize Transaction is issued. The sponsor will make the determination regarding the aggregate initial principal amount of the notes based on, among other considerations, market conditions at the time of pricing. See “Risk Factors—The issuing entity has issued multiple classes of notes, and your notes may be more sensitive to losses, be affected by conflicts of interest between classes and have reduced liquidity or voting power because of an unknown retention of notes—The market value, liquidity and voting power of your notes may be adversely impacted by retention of notes by the depositor or its affiliates or by the unknown aggregate initial principal amount of the notes.” (2) The Class E notes are not being offered hereby and are anticipated to be either privately placed or retained by the depositor or another affiliate of BAC. The Class E notes will be entitled to certain payments as described herein. (3) All or a portion of one or more of the classes of notes offered hereby may be initially retained by the depositor or an affiliate thereof. (4) If the Upsize Transaction is issued, the following notes will be issued: $96,000,000 of Class A-1 notes, $128,000,000 of Class A-2 notes, $112,000,000 of Class A-3 notes, $64,000,000 of Class B notes, $100,000,000 of Class C notes, $124,000,000 of Class D notes and $56,000,000 of Class E notes. The sponsor will make the determination regarding the aggregate initial principal amount of the notes based on, among other considerations, market conditions at the time of pricing. See “Risk Factors—The issuing entity has issued multiple classes of notes, and your notes may be more sensitive to losses, be affected by conflicts of interest between classes and have reduced liquidity or voting power because of an unknown retention of notes—The market value, liquidity and voting power of your notes may be adversely impacted by retention of notes by the depositor or its affiliates or by the unknown aggregate initial principal amount of the notes.” (5) Plus accrued interest, if any, from the closing date.","(1) The aggregate initial principal amount of the offered notes will be $526,510,000 if the Base Transaction is issued or $624,000,000 if the Upsize Transaction is issued. The sponsor will make the determination regarding the aggregate initial principal amount of the notes based on, among other considerations, market conditions at the time of pricing. See “Risk Factors—The issuing entity has issued multiple classes of notes, and your notes may be more sensitive to losses, be affected by conflicts of interest between classes and have reduced liquidity or voting power because of an unknown retention of notes—The market value, liquidity and voting power of your notes may be adversely impacted by retention of notes by the depositor or its affiliates or by the unknown aggregate initial principal amount of the notes.” (2) The Class E notes are not being offered hereby and are anticipated to be either privately placed or retained by the depositor or another affiliate of BAC. The Class E notes will be entitled to certain payments as described herein. (3) All or a portion of one or more of the classes of notes offered hereby may be initially retained by the depositor or an affiliate thereof. (4) If the Upsize Transaction is issued, the following notes will be issued: $96,000,000 of Class A-1 notes, $128,000,000 of Class A-2 notes, $112,000,000 of Class A-3 notes, $64,000,000 of Class B notes, $100,000,000 of Class C notes, $124,000,000 of Class D notes and $56,000,000 of Class E notes. The sponsor will make the determination regarding the aggregate initial principal amount of the notes based on, among other considerations, market conditions at the time of pricing. See “Risk Factors—The issuing entity has issued multiple classes of notes, and your notes may be more sensitive to losses, be affected by conflicts of interest between classes and have reduced liquidity or voting power because of an unknown retention of notes—The market value, liquidity and voting power of your notes may be adversely impacted by retention of notes by the depositor or its affiliates or by the unknown aggregate initial principal amount of the notes.” (5) Plus accrued interest, if any, from the closing date.","(1) The aggregate initial principal amount of the offered notes will be $526,510,000 if the Base Transaction is issued or $624,000,000 if the Upsize Transaction is issued. The sponsor will make the determination regarding the aggregate initial principal amount of the notes based on, among other considerations, market conditions at the time of pricing. See “Risk Factors—The issuing entity has issued multiple classes of notes, and your notes may be more sensitive to losses, be affected by conflicts of interest between classes and have reduced liquidity or voting power because of an unknown retention of notes—The market value, liquidity and voting power of your notes may be adversely impacted by retention of notes by the depositor or its affiliates or by the unknown aggregate initial principal amount of the notes.” (2) The Class E notes are not being offered hereby and are anticipated to be either privately placed or retained by the depositor or another affiliate of BAC. The Class E notes will be entitled to certain payments as described herein. (3) All or a portion of one or more of the classes of notes offered hereby may be initially retained by the depositor or an affiliate thereof. (4) If the Upsize Transaction is issued, the following notes will be issued: $96,000,000 of Class A-1 notes, $128,000,000 of Class A-2 notes, $112,000,000 of Class A-3 notes, $64,000,000 of Class B notes, $100,000,000 of Class C notes, $124,000,000 of Class D notes and $56,000,000 of Class E notes. The sponsor will make the determination regarding the aggregate initial principal amount of the notes based on, among other considerations, market conditions at the time of pricing. See “Risk Factors—The issuing entity has issued multiple classes of notes, and your notes may be more sensitive to losses, be affected by conflicts of interest between classes and have reduced liquidity or voting power because of an unknown retention of notes—The market value, liquidity and voting power of your notes may be adversely impacted by retention of notes by the depositor or its affiliates or by the unknown aggregate initial principal amount of the notes.” (5) Plus accrued interest, if any, from the closing date.","(1) The aggregate initial principal amount of the offered notes will be $526,510,000 if the Base Transaction is issued or $624,000,000 if the Upsize Transaction is issued. The sponsor will make the determination regarding the aggregate initial principal amount of the notes based on, among other considerations, market conditions at the time of pricing. See “Risk Factors—The issuing entity has issued multiple classes of notes, and your notes may be more sensitive to losses, be affected by conflicts of interest between classes and have reduced liquidity or voting power because of an unknown retention of notes—The market value, liquidity and voting power of your notes may be adversely impacted by retention of notes by the depositor or its affiliates or by the unknown aggregate initial principal amount of the notes.” (2) The Class E notes are not being offered hereby and are anticipated to be either privately placed or retained by the depositor or another affiliate of BAC. The Class E notes will be entitled to certain payments as described herein. (3) All or a portion of one or more of the classes of notes offered hereby may be initially retained by the depositor or an affiliate thereof. (4) If the Upsize Transaction is issued, the following notes will be issued: $96,000,000 of Class A-1 notes, $128,000,000 of Class A-2 notes, $112,000,000 of Class A-3 notes, $64,000,000 of Class B notes, $100,000,000 of Class C notes, $124,000,000 of Class D notes and $56,000,000 of Class E notes. The sponsor will make the determination regarding the aggregate initial principal amount of the notes based on, among other considerations, market conditions at the time of pricing. See “Risk Factors—The issuing entity has issued multiple classes of notes, and your notes may be more sensitive to losses, be affected by conflicts of interest between classes and have reduced liquidity or voting power because of an unknown retention of notes—The market value, liquidity and voting power of your notes may be adversely impacted by retention of notes by the depositor or its affiliates or by the unknown aggregate initial principal amount of the notes.” (5) Plus accrued interest, if any, from the closing date.",
,,,,"(1) The aggregate initial principal amount of the offered notes will be $526,510,000 if the Base Transaction is issued or $624,000,000 if the Upsize Transaction is issued. The sponsor will make the determination regarding the aggregate initial principal amount of the notes based on, among other considerations, market conditions at the time of pricing. See “Risk Factors—The issuing entity has issued multiple classes of notes, and your notes may be more sensitive to losses, be affected by conflicts of interest between classes and have reduced liquidity or voting power because of an unknown retention of notes—The market value, liquidity and voting power of your notes may be adversely impacted by retention of notes by the depositor or its affiliates or by the unknown aggregate initial principal amount of the notes.” (2) The Class E notes are not being offered hereby and are anticipated to be either privately placed or retained by the depositor or another affiliate of BAC. The Class E notes will be entitled to certain payments as described herein. (3) All or a portion of one or more of the classes of notes offered hereby may be initially retained by the depositor or an affiliate thereof. (4) If the Upsize Transaction is issued, the following notes will be issued: $96,000,000 of Class A-1 notes, $128,000,000 of Class A-2 notes, $112,000,000 of Class A-3 notes, $64,000,000 of Class B notes, $100,000,000 of Class C notes, $124,000,000 of Class D notes and $56,000,000 of Class E notes. The sponsor will make the determination regarding the aggregate initial principal amount of the notes based on, among other considerations, market conditions at the time of pricing. See “Risk Factors—The issuing entity has issued multiple classes of notes, and your notes may be more sensitive to losses, be affected by conflicts of interest between classes and have reduced liquidity or voting power because of an unknown retention of notes—The market value, liquidity and voting power of your notes may be adversely impacted by retention of notes by the depositor or its affiliates or by the unknown aggregate initial principal amount of the notes.” (5) Plus accrued interest, if any, from the closing date.","(1) The aggregate initial principal amount of the offered notes will be $526,510,000 if the Base Transaction is issued or $624,000,000 if the Upsize Transaction is issued. The sponsor will make the determination regarding the aggregate initial principal amount of the notes based on, among other considerations, market conditions at the time of pricing. See “Risk Factors—The issuing entity has issued multiple classes of notes, and your notes may be more sensitive to losses, be affected by conflicts of interest between classes and have reduced liquidity or voting power because of an unknown retention of notes—The market value, liquidity and voting power of your notes may be adversely impacted by retention of notes by the depositor or its affiliates or by the unknown aggregate initial principal amount of the notes.” (2) The Class E notes are not being offered hereby and are anticipated to be either privately placed or retained by the depositor or another affiliate of BAC. The Class E notes will be entitled to certain payments as described herein. (3) All or a portion of one or more of the classes of notes offered hereby may be initially retained by the depositor or an affiliate thereof. (4) If the Upsize Transaction is issued, the following notes will be issued: $96,000,000 of Class A-1 notes, $128,000,000 of Class A-2 notes, $112,000,000 of Class A-3 notes, $64,000,000 of Class B notes, $100,000,000 of Class C notes, $124,000,000 of Class D notes and $56,000,000 of Class E notes. The sponsor will make the determination regarding the aggregate initial principal amount of the notes based on, among other considerations, market conditions at the time of pricing. See “Risk Factors—The issuing entity has issued multiple classes of notes, and your notes may be more sensitive to losses, be affected by conflicts of interest between classes and have reduced liquidity or voting power because of an unknown retention of notes—The market value, liquidity and voting power of your notes may be adversely impacted by retention of notes by the depositor or its affiliates or by the unknown aggregate initial principal amount of the notes.” (5) Plus accrued interest, if any, from the closing date.","(1) The aggregate initial principal amount of the offered notes will be $526,510,000 if the Base Transaction is issued or $624,000,000 if the Upsize Transaction is issued. The sponsor will make the determination regarding the aggregate initial principal amount of the notes based on, among other considerations, market conditions at the time of pricing. See “Risk Factors—The issuing entity has issued multiple classes of notes, and your notes may be more sensitive to losses, be affected by conflicts of interest between classes and have reduced liquidity or voting power because of an unknown retention of notes—The market value, liquidity and voting power of your notes may be adversely impacted by retention of notes by the depositor or its affiliates or by the unknown aggregate initial principal amount of the notes.” (2) The Class E notes are not being offered hereby and are anticipated to be either privately placed or retained by the depositor or another affiliate of BAC. The Class E notes will be entitled to certain payments as described herein. (3) All or a portion of one or more of the classes of notes offered hereby may be initially retained by the depositor or an affiliate thereof. (4) If the Upsize Transaction is issued, the following notes will be issued: $96,000,000 of Class A-1 notes, $128,000,000 of Class A-2 notes, $112,000,000 of Class A-3 notes, $64,000,000 of Class B notes, $100,000,000 of Class C notes, $124,000,000 of Class D notes and $56,000,000 of Class E notes. The sponsor will make the determination regarding the aggregate initial principal amount of the notes based on, among other considerations, market conditions at the time of pricing. See “Risk Factors—The issuing entity has issued multiple classes of notes, and your notes may be more sensitive to losses, be affected by conflicts of interest between classes and have reduced liquidity or voting power because of an unknown retention of notes—The market value, liquidity and voting power of your notes may be adversely impacted by retention of notes by the depositor or its affiliates or by the unknown aggregate initial principal amount of the notes.” (5) Plus accrued interest, if any, from the closing date.","(1) The aggregate initial principal amount of the offered notes will be $526,510,000 if the Base Transaction is issued or $624,000,000 if the Upsize Transaction is issued. The sponsor will make the determination regarding the aggregate initial principal amount of the notes based on, among other considerations, market conditions at the time of pricing. See “Risk Factors—The issuing entity has issued multiple classes of notes, and your notes may be more sensitive to losses, be affected by conflicts of interest between classes and have reduced liquidity or voting power because of an unknown retention of notes—The market value, liquidity and voting power of your notes may be adversely impacted by retention of notes by the depositor or its affiliates or by the unknown aggregate initial principal amount of the notes.” (2) The Class E notes are not being offered hereby and are anticipated to be either privately placed or retained by the depositor or another affiliate of BAC. The Class E notes will be entitled to certain payments as described herein. (3) All or a portion of one or more of the classes of notes offered hereby may be initially retained by the depositor or an affiliate thereof. (4) If the Upsize Transaction is issued, the following notes will be issued: $96,000,000 of Class A-1 notes, $128,000,000 of Class A-2 notes, $112,000,000 of Class A-3 notes, $64,000,000 of Class B notes, $100,000,000 of Class C notes, $124,000,000 of Class D notes and $56,000,000 of Class E notes. The sponsor will make the determination regarding the aggregate initial principal amount of the notes based on, among other considerations, market conditions at the time of pricing. See “Risk Factors—The issuing entity has issued multiple classes of notes, and your notes may be more sensitive to losses, be affected by conflicts of interest between classes and have reduced liquidity or voting power because of an unknown retention of notes—The market value, liquidity and voting power of your notes may be adversely impacted by retention of notes by the depositor or its affiliates or by the unknown aggregate initial principal amount of the notes.” (5) Plus accrued interest, if any, from the closing date.","(1) The aggregate initial principal amount of the offered notes will be $526,510,000 if the Base Transaction is issued or $624,000,000 if the Upsize Transaction is issued. The sponsor will make the determination regarding the aggregate initial principal amount of the notes based on, among other considerations, market conditions at the time of pricing. See “Risk Factors—The issuing entity has issued multiple classes of notes, and your notes may be more sensitive to losses, be affected by conflicts of interest between classes and have reduced liquidity or voting power because of an unknown retention of notes—The market value, liquidity and voting power of your notes may be adversely impacted by retention of notes by the depositor or its affiliates or by the unknown aggregate initial principal amount of the notes.” (2) The Class E notes are not being offered hereby and are anticipated to be either privately placed or retained by the depositor or another affiliate of BAC. The Class E notes will be entitled to certain payments as described herein. (3) All or a portion of one or more of the classes of notes offered hereby may be initially retained by the depositor or an affiliate thereof. (4) If the Upsize Transaction is issued, the following notes will be issued: $96,000,000 of Class A-1 notes, $128,000,000 of Class A-2 notes, $112,000,000 of Class A-3 notes, $64,000,000 of Class B notes, $100,000,000 of Class C notes, $124,000,000 of Class D notes and $56,000,000 of Class E notes. The sponsor will make the determination regarding the aggregate initial principal amount of the notes based on, among other considerations, market conditions at the time of pricing. See “Risk Factors—The issuing entity has issued multiple classes of notes, and your notes may be more sensitive to losses, be affected by conflicts of interest between classes and have reduced liquidity or voting power because of an unknown retention of notes—The market value, liquidity and voting power of your notes may be adversely impacted by retention of notes by the depositor or its affiliates or by the unknown aggregate initial principal amount of the notes.” (5) Plus accrued interest, if any, from the closing date.","(1) The aggregate initial principal amount of the offered notes will be $526,510,000 if the Base Transaction is issued or $624,000,000 if the Upsize Transaction is issued. The sponsor will make the determination regarding the aggregate initial principal amount of the notes based on, among other considerations, market conditions at the time of pricing. See “Risk Factors—The issuing entity has issued multiple classes of notes, and your notes may be more sensitive to losses, be affected by conflicts of interest between classes and have reduced liquidity or voting power because of an unknown retention of notes—The market value, liquidity and voting power of your notes may be adversely impacted by retention of notes by the depositor or its affiliates or by the unknown aggregate initial principal amount of the notes.” (2) The Class E notes are not being offered hereby and are anticipated to be either privately placed or retained by the depositor or another affiliate of BAC. The Class E notes will be entitled to certain payments as described herein. (3) All or a portion of one or more of the classes of notes offered hereby may be initially retained by the depositor or an affiliate thereof. (4) If the Upsize Transaction is issued, the following notes will be issued: $96,000,000 of Class A-1 notes, $128,000,000 of Class A-2 notes, $112,000,000 of Class A-3 notes, $64,000,000 of Class B notes, $100,000,000 of Class C notes, $124,000,000 of Class D notes and $56,000,000 of Class E notes. The sponsor will make the determination regarding the aggregate initial principal amount of the notes based on, among other considerations, market conditions at the time of pricing. See “Risk Factors—The issuing entity has issued multiple classes of notes, and your notes may be more sensitive to losses, be affected by conflicts of interest between classes and have reduced liquidity or voting power because of an unknown retention of notes—The market value, liquidity and voting power of your notes may be adversely impacted by retention of notes by the depositor or its affiliates or by the unknown aggregate initial principal amount of the notes.” (5) Plus accrued interest, if any, from the closing date.","(1) The aggregate initial principal amount of the offered notes will be $526,510,000 if the Base Transaction is issued or $624,000,000 if the Upsize Transaction is issued. The sponsor will make the determination regarding the aggregate initial principal amount of the notes based on, among other considerations, market conditions at the time of pricing. See “Risk Factors—The issuing entity has issued multiple classes of notes, and your notes may be more sensitive to losses, be affected by conflicts of interest between classes and have reduced liquidity or voting power because of an unknown retention of notes—The market value, liquidity and voting power of your notes may be adversely impacted by retention of notes by the depositor or its affiliates or by the unknown aggregate initial principal amount of the notes.” (2) The Class E notes are not being offered hereby and are anticipated to be either privately placed or retained by the depositor or another affiliate of BAC. The Class E notes will be entitled to certain payments as described herein. (3) All or a portion of one or more of the classes of notes offered hereby may be initially retained by the depositor or an affiliate thereof. (4) If the Upsize Transaction is issued, the following notes will be issued: $96,000,000 of Class A-1 notes, $128,000,000 of Class A-2 notes, $112,000,000 of Class A-3 notes, $64,000,000 of Class B notes, $100,000,000 of Class C notes, $124,000,000 of Class D notes and $56,000,000 of Class E notes. The sponsor will make the determination regarding the aggregate initial principal amount of the notes based on, among other considerations, market conditions at the time of pricing. See “Risk Factors—The issuing entity has issued multiple classes of notes, and your notes may be more sensitive to losses, be affected by conflicts of interest between classes and have reduced liquidity or voting power because of an unknown retention of notes—The market value, liquidity and voting power of your notes may be adversely impacted by retention of notes by the depositor or its affiliates or by the unknown aggregate initial principal amount of the notes.” (5) Plus accrued interest, if any, from the closing date.","(1) The aggregate initial principal amount of the offered notes will be $526,510,000 if the Base Transaction is issued or $624,000,000 if the Upsize Transaction is issued. The sponsor will make the determination regarding the aggregate initial principal amount of the notes based on, among other considerations, market conditions at the time of pricing. See “Risk Factors—The issuing entity has issued multiple classes of notes, and your notes may be more sensitive to losses, be affected by conflicts of interest between classes and have reduced liquidity or voting power because of an unknown retention of notes—The market value, liquidity and voting power of your notes may be adversely impacted by retention of notes by the depositor or its affiliates or by the unknown aggregate initial principal amount of the notes.” (2) The Class E notes are not being offered hereby and are anticipated to be either privately placed or retained by the depositor or another affiliate of BAC. The Class E notes will be entitled to certain payments as described herein. (3) All or a portion of one or more of the classes of notes offered hereby may be initially retained by the depositor or an affiliate thereof. (4) If the Upsize Transaction is issued, the following notes will be issued: $96,000,000 of Class A-1 notes, $128,000,000 of Class A-2 notes, $112,000,000 of Class A-3 notes, $64,000,000 of Class B notes, $100,000,000 of Class C notes, $124,000,000 of Class D notes and $56,000,000 of Class E notes. The sponsor will make the determination regarding the aggregate initial principal amount of the notes based on, among other considerations, market conditions at the time of pricing. See “Risk Factors—The issuing entity has issued multiple classes of notes, and your notes may be more sensitive to losses, be affected by conflicts of interest between classes and have reduced liquidity or voting power because of an unknown retention of notes—The market value, liquidity and voting power of your notes may be adversely impacted by retention of notes by the depositor or its affiliates or by the unknown aggregate initial principal amount of the notes.” (5) Plus accrued interest, if any, from the closing date.","(1) The aggregate initial principal amount of the offered notes will be $526,510,000 if the Base Transaction is issued or $624,000,000 if the Upsize Transaction is issued. The sponsor will make the determination regarding the aggregate initial principal amount of the notes based on, among other considerations, market conditions at the time of pricing. See “Risk Factors—The issuing entity has issued multiple classes of notes, and your notes may be more sensitive to losses, be affected by conflicts of interest between classes and have reduced liquidity or voting power because of an unknown retention of notes—The market value, liquidity and voting power of your notes may be adversely impacted by retention of notes by the depositor or its affiliates or by the unknown aggregate initial principal amount of the notes.” (2) The Class E notes are not being offered hereby and are anticipated to be either privately placed or retained by the depositor or another affiliate of BAC. The Class E notes will be entitled to certain payments as described herein. (3) All or a portion of one or more of the classes of notes offered hereby may be initially retained by the depositor or an affiliate thereof. (4) If the Upsize Transaction is issued, the following notes will be issued: $96,000,000 of Class A-1 notes, $128,000,000 of Class A-2 notes, $112,000,000 of Class A-3 notes, $64,000,000 of Class B notes, $100,000,000 of Class C notes, $124,000,000 of Class D notes and $56,000,000 of Class E notes. The sponsor will make the determination regarding the aggregate initial principal amount of the notes based on, among other considerations, market conditions at the time of pricing. See “Risk Factors—The issuing entity has issued multiple classes of notes, and your notes may be more sensitive to losses, be affected by conflicts of interest between classes and have reduced liquidity or voting power because of an unknown retention of notes—The market value, liquidity and voting power of your notes may be adversely impacted by retention of notes by the depositor or its affiliates or by the unknown aggregate initial principal amount of the notes.” (5) Plus accrued interest, if any, from the closing date.","(1) The aggregate initial principal amount of the offered notes will be $526,510,000 if the Base Transaction is issued or $624,000,000 if the Upsize Transaction is issued. The sponsor will make the determination regarding the aggregate initial principal amount of the notes based on, among other considerations, market conditions at the time of pricing. See “Risk Factors—The issuing entity has issued multiple classes of notes, and your notes may be more sensitive to losses, be affected by conflicts of interest between classes and have reduced liquidity or voting power because of an unknown retention of notes—The market value, liquidity and voting power of your notes may be adversely impacted by retention of notes by the depositor or its affiliates or by the unknown aggregate initial principal amount of the notes.” (2) The Class E notes are not being offered hereby and are anticipated to be either privately placed or retained by the depositor or another affiliate of BAC. The Class E notes will be entitled to certain payments as described herein. (3) All or a portion of one or more of the classes of notes offered hereby may be initially retained by the depositor or an affiliate thereof. (4) If the Upsize Transaction is issued, the following notes will be issued: $96,000,000 of Class A-1 notes, $128,000,000 of Class A-2 notes, $112,000,000 of Class A-3 notes, $64,000,000 of Class B notes, $100,000,000 of Class C notes, $124,000,000 of Class D notes and $56,000,000 of Class E notes. The sponsor will make the determination regarding the aggregate initial principal amount of the notes based on, among other considerations, market conditions at the time of pricing. See “Risk Factors—The issuing entity has issued multiple classes of notes, and your notes may be more sensitive to losses, be affected by conflicts of interest between classes and have reduced liquidity or voting power because of an unknown retention of notes—The market value, liquidity and voting power of your notes may be adversely impacted by retention of notes by the depositor or its affiliates or by the unknown aggregate initial principal amount of the notes.” (5) Plus accrued interest, if any, from the closing date.","(1) The aggregate initial principal amount of the offered notes will be $526,510,000 if the Base Transaction is issued or $624,000,000 if the Upsize Transaction is issued. The sponsor will make the determination regarding the aggregate initial principal amount of the notes based on, among other considerations, market conditions at the time of pricing. See “Risk Factors—The issuing entity has issued multiple classes of notes, and your notes may be more sensitive to losses, be affected by conflicts of interest between classes and have reduced liquidity or voting power because of an unknown retention of notes—The market value, liquidity and voting power of your notes may be adversely impacted by retention of notes by the depositor or its affiliates or by the unknown aggregate initial principal amount of the notes.” (2) The Class E notes are not being offered hereby and are anticipated to be either privately placed or retained by the depositor or another affiliate of BAC. The Class E notes will be entitled to certain payments as described herein. (3) All or a portion of one or more of the classes of notes offered hereby may be initially retained by the depositor or an affiliate thereof. (4) If the Upsize Transaction is issued, the following notes will be issued: $96,000,000 of Class A-1 notes, $128,000,000 of Class A-2 notes, $112,000,000 of Class A-3 notes, $64,000,000 of Class B notes, $100,000,000 of Class C notes, $124,000,000 of Class D notes and $56,000,000 of Class E notes. The sponsor will make the determination regarding the aggregate initial principal amount of the notes based on, among other considerations, market conditions at the time of pricing. See “Risk Factors—The issuing entity has issued multiple classes of notes, and your notes may be more sensitive to losses, be affected by conflicts of interest between classes and have reduced liquidity or voting power because of an unknown retention of notes—The market value, liquidity and voting power of your notes may be adversely impacted by retention of notes by the depositor or its affiliates or by the unknown aggregate initial principal amount of the notes.” (5) Plus accrued interest, if any, from the closing date.","(1) The aggregate initial principal amount of the offered notes will be $526,510,000 if the Base Transaction is issued or $624,000,000 if the Upsize Transaction is issued. The sponsor will make the determination regarding the aggregate initial principal amount of the notes based on, among other considerations, market conditions at the time of pricing. See “Risk Factors—The issuing entity has issued multiple classes of notes, and your notes may be more sensitive to losses, be affected by conflicts of interest between classes and have reduced liquidity or voting power because of an unknown retention of notes—The market value, liquidity and voting power of your notes may be adversely impacted by retention of notes by the depositor or its affiliates or by the unknown aggregate initial principal amount of the notes.” (2) The Class E notes are not being offered hereby and are anticipated to be either privately placed or retained by the depositor or another affiliate of BAC. The Class E notes will be entitled to certain payments as described herein. (3) All or a portion of one or more of the classes of notes offered hereby may be initially retained by the depositor or an affiliate thereof. (4) If the Upsize Transaction is issued, the following notes will be issued: $96,000,000 of Class A-1 notes, $128,000,000 of Class A-2 notes, $112,000,000 of Class A-3 notes, $64,000,000 of Class B notes, $100,000,000 of Class C notes, $124,000,000 of Class D notes and $56,000,000 of Class E notes. The sponsor will make the determination regarding the aggregate initial principal amount of the notes based on, among other considerations, market conditions at the time of pricing. See “Risk Factors—The issuing entity has issued multiple classes of notes, and your notes may be more sensitive to losses, be affected by conflicts of interest between classes and have reduced liquidity or voting power because of an unknown retention of notes—The market value, liquidity and voting power of your notes may be adversely impacted by retention of notes by the depositor or its affiliates or by the unknown aggregate initial principal amount of the notes.” (5) Plus accrued interest, if any, from the closing date.",
